"Prihodi in prenoèitve turistov po: OBÈINE, LETO, DRŽAVE, SKUPINE"
"NASTANITVENIH OBJEKTOV , MERITVE"

" ";" ";" ";"Skupine nastanitvenih objektov - SKUPAJ"
" ";" ";" ";"Prenoèitve turistov - SKUPAJ"
"SLOVENIJA"
" ";"2011"
" ";" ";"DRŽAVE - SKUPAJ";9388095
" ";" ";"DOMAÈI";3924164
" ";" ";"TUJI";5463931
" ";"2012"
" ";" ";"DRŽAVE - SKUPAJ";9510663
" ";" ";"DOMAÈI";3733459
" ";" ";"TUJI";5777204
" ";"2013"
" ";" ";"DRŽAVE - SKUPAJ";9579033
" ";" ";"DOMAÈI";3616782
" ";" ";"TUJI";5962251
" ";"2014"
" ";" ";"DRŽAVE - SKUPAJ";9590642
" ";" ";"DOMAÈI";3500233
" ";" ";"TUJI";6090409
" ";"2015"
" ";" ";"DRŽAVE - SKUPAJ";10341699
" ";" ";"DOMAÈI";3727256
" ";" ";"TUJI";6614443
"ZDRAVILIŠKE OBÈINE"
" ";"2011"
" ";" ";"DRŽAVE - SKUPAJ";3085952
" ";" ";"DOMAÈI";1848971
" ";" ";"TUJI";1236981
" ";"2012"
" ";" ";"DRŽAVE - SKUPAJ";3090904
" ";" ";"DOMAÈI";1748497
" ";" ";"TUJI";1342407
" ";"2013"
" ";" ";"DRŽAVE - SKUPAJ";3018115
" ";" ";"DOMAÈI";1683093
" ";" ";"TUJI";1335022
" ";"2014"
" ";" ";"DRŽAVE - SKUPAJ";2998959
" ";" ";"DOMAÈI";1666165
" ";" ";"TUJI";1332794
" ";"2015"
" ";" ";"DRŽAVE - SKUPAJ";3035654
" ";" ";"DOMAÈI";1710438
" ";" ";"TUJI";1325216
"Brežice"
" ";"2011"
" ";" ";"DRŽAVE - SKUPAJ";611850
" ";" ";"DOMAÈI";338446
" ";" ";"TUJI";273404
" ";"2012"
" ";" ";"DRŽAVE - SKUPAJ";599596
" ";" ";"DOMAÈI";317153
" ";" ";"TUJI";282443
" ";"2013"
" ";" ";"DRŽAVE - SKUPAJ";606296
" ";" ";"DOMAÈI";314497
" ";" ";"TUJI";291799
" ";"2014"
" ";" ";"DRŽAVE - SKUPAJ";611590
" ";" ";"DOMAÈI";314087
" ";" ";"TUJI";297503
" ";"2015"
" ";" ";"DRŽAVE - SKUPAJ";634540
" ";" ";"DOMAÈI";323737
" ";" ";"TUJI";310803
"Dobrna"
" ";"2011"
" ";" ";"DRŽAVE - SKUPAJ";95409
" ";" ";"DOMAÈI";70153
" ";" ";"TUJI";25256
" ";"2012"
" ";" ";"DRŽAVE - SKUPAJ";95010
" ";" ";"DOMAÈI";69140
" ";" ";"TUJI";25870
" ";"2013"
" ";" ";"DRŽAVE - SKUPAJ";92548
" ";" ";"DOMAÈI";72219
" ";" ";"TUJI";20329
" ";"2014"
" ";" ";"DRŽAVE - SKUPAJ";92468
" ";" ";"DOMAÈI";68873
" ";" ";"TUJI";23595
" ";"2015"
" ";" ";"DRŽAVE - SKUPAJ";106516
" ";" ";"DOMAÈI";78795
" ";" ";"TUJI";27721
"Dolenjske Toplice"
" ";"2011"
" ";" ";"DRŽAVE - SKUPAJ";109026
" ";" ";"DOMAÈI";84541
" ";" ";"TUJI";24485
" ";"2012"
" ";" ";"DRŽAVE - SKUPAJ";103292
" ";" ";"DOMAÈI";76876
" ";" ";"TUJI";26416
" ";"2013"
" ";" ";"DRŽAVE - SKUPAJ";103985
" ";" ";"DOMAÈI";76119
" ";" ";"TUJI";27866
" ";"2014"
" ";" ";"DRŽAVE - SKUPAJ";102635
" ";" ";"DOMAÈI";73271
" ";" ";"TUJI";29364
" ";"2015"
" ";" ";"DRŽAVE - SKUPAJ";108347
" ";" ";"DOMAÈI";78033
" ";" ";"TUJI";30314
"Laško"
" ";"2011"
" ";" ";"DRŽAVE - SKUPAJ";214240
" ";" ";"DOMAÈI";138518
" ";" ";"TUJI";75722
" ";"2012"
" ";" ";"DRŽAVE - SKUPAJ";239946
" ";" ";"DOMAÈI";141775
" ";" ";"TUJI";98171
" ";"2013"
" ";" ";"DRŽAVE - SKUPAJ";226187
" ";" ";"DOMAÈI";126464
" ";" ";"TUJI";99723
" ";"2014"
" ";" ";"DRŽAVE - SKUPAJ";224808
" ";" ";"DOMAÈI";127278
" ";" ";"TUJI";97530
" ";"2015"
" ";" ";"DRŽAVE - SKUPAJ";235969
" ";" ";"DOMAÈI";127768
" ";" ";"TUJI";108201
"Lendava/Lendva"
" ";"2011"
" ";" ";"DRŽAVE - SKUPAJ";111758
" ";" ";"DOMAÈI";66283
" ";" ";"TUJI";45475
" ";"2012"
" ";" ";"DRŽAVE - SKUPAJ";111133
" ";" ";"DOMAÈI";64542
" ";" ";"TUJI";46591
" ";"2013"
" ";" ";"DRŽAVE - SKUPAJ";110463
" ";" ";"DOMAÈI";62556
" ";" ";"TUJI";47907
" ";"2014"
" ";" ";"DRŽAVE - SKUPAJ";114978
" ";" ";"DOMAÈI";67196
" ";" ";"TUJI";47782
" ";"2015"
" ";" ";"DRŽAVE - SKUPAJ";114882
" ";" ";"DOMAÈI";66806
" ";" ";"TUJI";48076
"Moravske Toplice"
" ";"2011"
" ";" ";"DRŽAVE - SKUPAJ";522767
" ";" ";"DOMAÈI";313623
" ";" ";"TUJI";209144
" ";"2012"
" ";" ";"DRŽAVE - SKUPAJ";508865
" ";" ";"DOMAÈI";290390
" ";" ";"TUJI";218475
" ";"2013"
" ";" ";"DRŽAVE - SKUPAJ";496878
" ";" ";"DOMAÈI";283374
" ";" ";"TUJI";213504
" ";"2014"
" ";" ";"DRŽAVE - SKUPAJ";492269
" ";" ";"DOMAÈI";274204
" ";" ";"TUJI";218065
" ";"2015"
" ";" ";"DRŽAVE - SKUPAJ";492389
" ";" ";"DOMAÈI";273633
" ";" ";"TUJI";218756
"Podèetrtek"
" ";"2011"
" ";" ";"DRŽAVE - SKUPAJ";349028
" ";" ";"DOMAÈI";245174
" ";" ";"TUJI";103854
" ";"2012"
" ";" ";"DRŽAVE - SKUPAJ";332200
" ";" ";"DOMAÈI";219106
" ";" ";"TUJI";113094
" ";"2013"
" ";" ";"DRŽAVE - SKUPAJ";331601
" ";" ";"DOMAÈI";212206
" ";" ";"TUJI";119395
" ";"2014"
" ";" ";"DRŽAVE - SKUPAJ";323704
" ";" ";"DOMAÈI";201741
" ";" ";"TUJI";121963
" ";"2015"
" ";" ";"DRŽAVE - SKUPAJ";317995
" ";" ";"DOMAÈI";200015
" ";" ";"TUJI";117980
"Ptuj"
" ";"2011"
" ";" ";"DRŽAVE - SKUPAJ";147820
" ";" ";"DOMAÈI";74798
" ";" ";"TUJI";73022
" ";"2012"
" ";" ";"DRŽAVE - SKUPAJ";147581
" ";" ";"DOMAÈI";69402
" ";" ";"TUJI";78179
" ";"2013"
" ";" ";"DRŽAVE - SKUPAJ";134738
" ";" ";"DOMAÈI";65246
" ";" ";"TUJI";69492
" ";"2014"
" ";" ";"DRŽAVE - SKUPAJ";136408
" ";" ";"DOMAÈI";70660
" ";" ";"TUJI";65748
" ";"2015"
" ";" ";"DRŽAVE - SKUPAJ";145700
" ";" ";"DOMAÈI";77555
" ";" ";"TUJI";68145
"Radenci"
" ";"2011"
" ";" ";"DRŽAVE - SKUPAJ";126359
" ";" ";"DOMAÈI";67707
" ";" ";"TUJI";58652
" ";"2012"
" ";" ";"DRŽAVE - SKUPAJ";137371
" ";" ";"DOMAÈI";65645
" ";" ";"TUJI";71726
" ";"2013"
" ";" ";"DRŽAVE - SKUPAJ";128630
" ";" ";"DOMAÈI";61600
" ";" ";"TUJI";67030
" ";"2014"
" ";" ";"DRŽAVE - SKUPAJ";132705
" ";" ";"DOMAÈI";67629
" ";" ";"TUJI";65076
" ";"2015"
" ";" ";"DRŽAVE - SKUPAJ";138239
" ";" ";"DOMAÈI";76703
" ";" ";"TUJI";61536
"Rogaška Slatina"
" ";"2011"
" ";" ";"DRŽAVE - SKUPAJ";265928
" ";" ";"DOMAÈI";55487
" ";" ";"TUJI";210441
" ";"2012"
" ";" ";"DRŽAVE - SKUPAJ";278559
" ";" ";"DOMAÈI";46281
" ";" ";"TUJI";232278
" ";"2013"
" ";" ";"DRŽAVE - SKUPAJ";260886
" ";" ";"DOMAÈI";40557
" ";" ";"TUJI";220329
" ";"2014"
" ";" ";"DRŽAVE - SKUPAJ";248927
" ";" ";"DOMAÈI";36273
" ";" ";"TUJI";212654
" ";"2015"
" ";" ";"DRŽAVE - SKUPAJ";223584
" ";" ";"DOMAÈI";39589
" ";" ";"TUJI";183995
"Šmarješke Toplice"
" ";"2011"
" ";" ";"DRŽAVE - SKUPAJ";105129
" ";" ";"DOMAÈI";77419
" ";" ";"TUJI";27710
" ";"2012"
" ";" ";"DRŽAVE - SKUPAJ";95838
" ";" ";"DOMAÈI";68959
" ";" ";"TUJI";26879
" ";"2013"
" ";" ";"DRŽAVE - SKUPAJ";92732
" ";" ";"DOMAÈI";66131
" ";" ";"TUJI";26601
" ";"2014"
" ";" ";"DRŽAVE - SKUPAJ";93082
" ";" ";"DOMAÈI";64930
" ";" ";"TUJI";28152
" ";"2015"
" ";" ";"DRŽAVE - SKUPAJ";92331
" ";" ";"DOMAÈI";61791
" ";" ";"TUJI";30540
"Šoštanj"
" ";"2011"
" ";" ";"DRŽAVE - SKUPAJ";94236
" ";" ";"DOMAÈI";63980
" ";" ";"TUJI";30256
" ";"2012"
" ";" ";"DRŽAVE - SKUPAJ";112608
" ";" ";"DOMAÈI";78083
" ";" ";"TUJI";34525
" ";"2013"
" ";" ";"DRŽAVE - SKUPAJ";106676
" ";" ";"DOMAÈI";71011
" ";" ";"TUJI";35665
" ";"2014"
" ";" ";"DRŽAVE - SKUPAJ";111747
" ";" ";"DOMAÈI";76757
" ";" ";"TUJI";34990
" ";"2015"
" ";" ";"DRŽAVE - SKUPAJ";109852
" ";" ";"DOMAÈI";79288
" ";" ";"TUJI";30564
"Veržej"
" ";"2011"
" ";" ";"DRŽAVE - SKUPAJ";112217
" ";" ";"DOMAÈI";92205
" ";" ";"TUJI";20012
" ";"2012"
" ";" ";"DRŽAVE - SKUPAJ";103961
" ";" ";"DOMAÈI";83973
" ";" ";"TUJI";19988
" ";"2013"
" ";" ";"DRŽAVE - SKUPAJ";102111
" ";" ";"DOMAÈI";80301
" ";" ";"TUJI";21810
" ";"2014"
" ";" ";"DRŽAVE - SKUPAJ";103929
" ";" ";"DOMAÈI";82760
" ";" ";"TUJI";21169
" ";"2015"
" ";" ";"DRŽAVE - SKUPAJ";101804
" ";" ";"DOMAÈI";80739
" ";" ";"TUJI";21065
"Zreèe"
" ";"2011"
" ";" ";"DRŽAVE - SKUPAJ";220185
" ";" ";"DOMAÈI";160637
" ";" ";"TUJI";59548
" ";"2012"
" ";" ";"DRŽAVE - SKUPAJ";224944
" ";" ";"DOMAÈI";157172
" ";" ";"TUJI";67772
" ";"2013"
" ";" ";"DRŽAVE - SKUPAJ";224384
" ";" ";"DOMAÈI";150812
" ";" ";"TUJI";73572
" ";"2014"
" ";" ";"DRŽAVE - SKUPAJ";209709
" ";" ";"DOMAÈI";140506
" ";" ";"TUJI";69203
" ";"2015"
" ";" ";"DRŽAVE - SKUPAJ";213506
" ";" ";"DOMAÈI";145986
" ";" ";"TUJI";67520
"GORSKE OBÈINE"
" ";"2011"
" ";" ";"DRŽAVE - SKUPAJ";2219798
" ";" ";"DOMAÈI";704939
" ";" ";"TUJI";1514859
" ";"2012"
" ";" ";"DRŽAVE - SKUPAJ";2277358
" ";" ";"DOMAÈI";695922
" ";" ";"TUJI";1581436
" ";"2013"
" ";" ";"DRŽAVE - SKUPAJ";2359599
" ";" ";"DOMAÈI";667255
" ";" ";"TUJI";1692344
" ";"2014"
" ";" ";"DRŽAVE - SKUPAJ";2246033
" ";" ";"DOMAÈI";580949
" ";" ";"TUJI";1665084
" ";"2015"
" ";" ";"DRŽAVE - SKUPAJ";2554359
" ";" ";"DOMAÈI";673161
" ";" ";"TUJI";1881198
"Bled"
" ";"2011"
" ";" ";"DRŽAVE - SKUPAJ";571756
" ";" ";"DOMAÈI";38994
" ";" ";"TUJI";532762
" ";"2012"
" ";" ";"DRŽAVE - SKUPAJ";598396
" ";" ";"DOMAÈI";37796
" ";" ";"TUJI";560600
" ";"2013"
" ";" ";"DRŽAVE - SKUPAJ";628491
" ";" ";"DOMAÈI";37955
" ";" ";"TUJI";590536
" ";"2014"
" ";" ";"DRŽAVE - SKUPAJ";643975
" ";" ";"DOMAÈI";34079
" ";" ";"TUJI";609896
" ";"2015"
" ";" ";"DRŽAVE - SKUPAJ";730074
" ";" ";"DOMAÈI";42007
" ";" ";"TUJI";688067
"Bohinj"
" ";"2011"
" ";" ";"DRŽAVE - SKUPAJ";334332
" ";" ";"DOMAÈI";142628
" ";" ";"TUJI";191704
" ";"2012"
" ";" ";"DRŽAVE - SKUPAJ";341026
" ";" ";"DOMAÈI";136456
" ";" ";"TUJI";204570
" ";"2013"
" ";" ";"DRŽAVE - SKUPAJ";344183
" ";" ";"DOMAÈI";125050
" ";" ";"TUJI";219133
" ";"2014"
" ";" ";"DRŽAVE - SKUPAJ";315226
" ";" ";"DOMAÈI";111900
" ";" ";"TUJI";203326
" ";"2015"
" ";" ";"DRŽAVE - SKUPAJ";370771
" ";" ";"DOMAÈI";127190
" ";" ";"TUJI";243581
"Bovec"
" ";"2011"
" ";" ";"DRŽAVE - SKUPAJ";224185
" ";" ";"DOMAÈI";70860
" ";" ";"TUJI";153325
" ";"2012"
" ";" ";"DRŽAVE - SKUPAJ";214867
" ";" ";"DOMAÈI";66292
" ";" ";"TUJI";148575
" ";"2013"
" ";" ";"DRŽAVE - SKUPAJ";203829
" ";" ";"DOMAÈI";43775
" ";" ";"TUJI";160054
" ";"2014"
" ";" ";"DRŽAVE - SKUPAJ";162568
" ";" ";"DOMAÈI";26113
" ";" ";"TUJI";136455
" ";"2015"
" ";" ";"DRŽAVE - SKUPAJ";198890
" ";" ";"DOMAÈI";35572
" ";" ";"TUJI";163318
"Cerklje na Gorenjskem"
" ";"2011"
" ";" ";"DRŽAVE - SKUPAJ";37143
" ";" ";"DOMAÈI";7848
" ";" ";"TUJI";29295
" ";"2012"
" ";" ";"DRŽAVE - SKUPAJ";42959
" ";" ";"DOMAÈI";8962
" ";" ";"TUJI";33997
" ";"2013"
" ";" ";"DRŽAVE - SKUPAJ";52771
" ";" ";"DOMAÈI";8777
" ";" ";"TUJI";43994
" ";"2014"
" ";" ";"DRŽAVE - SKUPAJ";51328
" ";" ";"DOMAÈI";9324
" ";" ";"TUJI";42004
" ";"2015"
" ";" ";"DRŽAVE - SKUPAJ";53174
" ";" ";"DOMAÈI";10010
" ";" ";"TUJI";43164
"Cerkno"
" ";"2011"
" ";" ";"DRŽAVE - SKUPAJ";31270
" ";" ";"DOMAÈI";17600
" ";" ";"TUJI";13670
" ";"2012"
" ";" ";"DRŽAVE - SKUPAJ";40388
" ";" ";"DOMAÈI";23286
" ";" ";"TUJI";17102
" ";"2013"
" ";" ";"DRŽAVE - SKUPAJ";33490
" ";" ";"DOMAÈI";18873
" ";" ";"TUJI";14617
" ";"2014"
" ";" ";"DRŽAVE - SKUPAJ";26087
" ";" ";"DOMAÈI";15281
" ";" ";"TUJI";10806
" ";"2015"
" ";" ";"DRŽAVE - SKUPAJ";42293
" ";" ";"DOMAÈI";26427
" ";" ";"TUJI";15866
"Èrna na Koroškem"
" ";"2011"
" ";" ";"DRŽAVE - SKUPAJ";493
" ";" ";"DOMAÈI";395
" ";" ";"TUJI";98
" ";"2012"
" ";" ";"DRŽAVE - SKUPAJ";508
" ";" ";"DOMAÈI";471
" ";" ";"TUJI";37
" ";"2013"
" ";" ";"DRŽAVE - SKUPAJ";1217
" ";" ";"DOMAÈI";1078
" ";" ";"TUJI";139
" ";"2014"
" ";" ";"DRŽAVE - SKUPAJ";1022
" ";" ";"DOMAÈI";908
" ";" ";"TUJI";114
" ";"2015"
" ";" ";"DRŽAVE - SKUPAJ";1082
" ";" ";"DOMAÈI";754
" ";" ";"TUJI";328
"Gorje"
" ";"2011"
" ";" ";"DRŽAVE - SKUPAJ";11225
" ";" ";"DOMAÈI";7266
" ";" ";"TUJI";3959
" ";"2012"
" ";" ";"DRŽAVE - SKUPAJ";11912
" ";" ";"DOMAÈI";6919
" ";" ";"TUJI";4993
" ";"2013"
" ";" ";"DRŽAVE - SKUPAJ";12347
" ";" ";"DOMAÈI";7105
" ";" ";"TUJI";5242
" ";"2014"
" ";" ";"DRŽAVE - SKUPAJ";10618
" ";" ";"DOMAÈI";5529
" ";" ";"TUJI";5089
" ";"2015"
" ";" ";"DRŽAVE - SKUPAJ";13563
" ";" ";"DOMAÈI";4824
" ";" ";"TUJI";8739
"Gornji Grad"
" ";"2011"
" ";" ";"DRŽAVE - SKUPAJ";z
" ";" ";"DOMAÈI";z
" ";" ";"TUJI";z
" ";"2012"
" ";" ";"DRŽAVE - SKUPAJ";z
" ";" ";"DOMAÈI";z
" ";" ";"TUJI";z
" ";"2013"
" ";" ";"DRŽAVE - SKUPAJ";699
" ";" ";"DOMAÈI";580
" ";" ";"TUJI";119
" ";"2014"
" ";" ";"DRŽAVE - SKUPAJ";297
" ";" ";"DOMAÈI";218
" ";" ";"TUJI";79
" ";"2015"
" ";" ";"DRŽAVE - SKUPAJ";342
" ";" ";"DOMAÈI";236
" ";" ";"TUJI";106
"Hoèe - Slivnica"
" ";"2011"
" ";" ";"DRŽAVE - SKUPAJ";65262
" ";" ";"DOMAÈI";39054
" ";" ";"TUJI";26208
" ";"2012"
" ";" ";"DRŽAVE - SKUPAJ";61456
" ";" ";"DOMAÈI";34681
" ";" ";"TUJI";26775
" ";"2013"
" ";" ";"DRŽAVE - SKUPAJ";61145
" ";" ";"DOMAÈI";34432
" ";" ";"TUJI";26713
" ";"2014"
" ";" ";"DRŽAVE - SKUPAJ";48410
" ";" ";"DOMAÈI";26600
" ";" ";"TUJI";21810
" ";"2015"
" ";" ";"DRŽAVE - SKUPAJ";37989
" ";" ";"DOMAÈI";24956
" ";" ";"TUJI";13033
"Jesenice"
" ";"2011"
" ";" ";"DRŽAVE - SKUPAJ";8735
" ";" ";"DOMAÈI";7778
" ";" ";"TUJI";957
" ";"2012"
" ";" ";"DRŽAVE - SKUPAJ";8551
" ";" ";"DOMAÈI";7322
" ";" ";"TUJI";1229
" ";"2013"
" ";" ";"DRŽAVE - SKUPAJ";8599
" ";" ";"DOMAÈI";7102
" ";" ";"TUJI";1497
" ";"2014"
" ";" ";"DRŽAVE - SKUPAJ";8571
" ";" ";"DOMAÈI";6711
" ";" ";"TUJI";1860
" ";"2015"
" ";" ";"DRŽAVE - SKUPAJ";9437
" ";" ";"DOMAÈI";7291
" ";" ";"TUJI";2146
"Jezersko"
" ";"2011"
" ";" ";"DRŽAVE - SKUPAJ";6234
" ";" ";"DOMAÈI";3484
" ";" ";"TUJI";2750
" ";"2012"
" ";" ";"DRŽAVE - SKUPAJ";6795
" ";" ";"DOMAÈI";3683
" ";" ";"TUJI";3112
" ";"2013"
" ";" ";"DRŽAVE - SKUPAJ";8351
" ";" ";"DOMAÈI";4070
" ";" ";"TUJI";4281
" ";"2014"
" ";" ";"DRŽAVE - SKUPAJ";7239
" ";" ";"DOMAÈI";2257
" ";" ";"TUJI";4982
" ";"2015"
" ";" ";"DRŽAVE - SKUPAJ";9526
" ";" ";"DOMAÈI";3808
" ";" ";"TUJI";5718
"Kamnik"
" ";"2011"
" ";" ";"DRŽAVE - SKUPAJ";46257
" ";" ";"DOMAÈI";14424
" ";" ";"TUJI";31833
" ";"2012"
" ";" ";"DRŽAVE - SKUPAJ";51625
" ";" ";"DOMAÈI";17340
" ";" ";"TUJI";34285
" ";"2013"
" ";" ";"DRŽAVE - SKUPAJ";54967
" ";" ";"DOMAÈI";22299
" ";" ";"TUJI";32668
" ";"2014"
" ";" ";"DRŽAVE - SKUPAJ";56545
" ";" ";"DOMAÈI";21755
" ";" ";"TUJI";34790
" ";"2015"
" ";" ";"DRŽAVE - SKUPAJ";55790
" ";" ";"DOMAÈI";19457
" ";" ";"TUJI";36333
"Kobarid"
" ";"2011"
" ";" ";"DRŽAVE - SKUPAJ";97350
" ";" ";"DOMAÈI";40173
" ";" ";"TUJI";57177
" ";"2012"
" ";" ";"DRŽAVE - SKUPAJ";99249
" ";" ";"DOMAÈI";39892
" ";" ";"TUJI";59357
" ";"2013"
" ";" ";"DRŽAVE - SKUPAJ";97457
" ";" ";"DOMAÈI";37198
" ";" ";"TUJI";60259
" ";"2014"
" ";" ";"DRŽAVE - SKUPAJ";83964
" ";" ";"DOMAÈI";25800
" ";" ";"TUJI";58164
" ";"2015"
" ";" ";"DRŽAVE - SKUPAJ";103731
" ";" ";"DOMAÈI";32563
" ";" ";"TUJI";71168
"Kranjska Gora"
" ";"2011"
" ";" ";"DRŽAVE - SKUPAJ";472061
" ";" ";"DOMAÈI";188554
" ";" ";"TUJI";283507
" ";"2012"
" ";" ";"DRŽAVE - SKUPAJ";442091
" ";" ";"DOMAÈI";170933
" ";" ";"TUJI";271158
" ";"2013"
" ";" ";"DRŽAVE - SKUPAJ";472743
" ";" ";"DOMAÈI";171783
" ";" ";"TUJI";300960
" ";"2014"
" ";" ";"DRŽAVE - SKUPAJ";467069
" ";" ";"DOMAÈI";158970
" ";" ";"TUJI";308099
" ";"2015"
" ";" ";"DRŽAVE - SKUPAJ";520265
" ";" ";"DOMAÈI";195615
" ";" ";"TUJI";324650
"Ljubno"
" ";"2011"
" ";" ";"DRŽAVE - SKUPAJ";2290
" ";" ";"DOMAÈI";820
" ";" ";"TUJI";1470
" ";"2012"
" ";" ";"DRŽAVE - SKUPAJ";2471
" ";" ";"DOMAÈI";931
" ";" ";"TUJI";1540
" ";"2013"
" ";" ";"DRŽAVE - SKUPAJ";4326
" ";" ";"DOMAÈI";1197
" ";" ";"TUJI";3129
" ";"2014"
" ";" ";"DRŽAVE - SKUPAJ";4785
" ";" ";"DOMAÈI";965
" ";" ";"TUJI";3820
" ";"2015"
" ";" ";"DRŽAVE - SKUPAJ";7115
" ";" ";"DOMAÈI";1833
" ";" ";"TUJI";5282
"Lovrenc na Pohorju"
" ";"2011"
" ";" ";"DRŽAVE - SKUPAJ";z
" ";" ";"DOMAÈI";z
" ";" ";"TUJI";z
" ";"2012"
" ";" ";"DRŽAVE - SKUPAJ";z
" ";" ";"DOMAÈI";z
" ";" ";"TUJI";z
" ";"2013"
" ";" ";"DRŽAVE - SKUPAJ";309
" ";" ";"DOMAÈI";180
" ";" ";"TUJI";129
" ";"2014"
" ";" ";"DRŽAVE - SKUPAJ";264
" ";" ";"DOMAÈI";108
" ";" ";"TUJI";156
" ";"2015"
" ";" ";"DRŽAVE - SKUPAJ";250
" ";" ";"DOMAÈI";137
" ";" ";"TUJI";113
"Luèe"
" ";"2011"
" ";" ";"DRŽAVE - SKUPAJ";3662
" ";" ";"DOMAÈI";2041
" ";" ";"TUJI";1621
" ";"2012"
" ";" ";"DRŽAVE - SKUPAJ";4144
" ";" ";"DOMAÈI";2488
" ";" ";"TUJI";1656
" ";"2013"
" ";" ";"DRŽAVE - SKUPAJ";12521
" ";" ";"DOMAÈI";3851
" ";" ";"TUJI";8670
" ";"2014"
" ";" ";"DRŽAVE - SKUPAJ";13476
" ";" ";"DOMAÈI";3802
" ";" ";"TUJI";9674
" ";"2015"
" ";" ";"DRŽAVE - SKUPAJ";15067
" ";" ";"DOMAÈI";4072
" ";" ";"TUJI";10995
"Mežica"
" ";"2011"
" ";" ";"DRŽAVE - SKUPAJ";z
" ";" ";"DOMAÈI";z
" ";" ";"TUJI";z
" ";"2012"
" ";" ";"DRŽAVE - SKUPAJ";z
" ";" ";"DOMAÈI";z
" ";" ";"TUJI";z
" ";"2013"
" ";" ";"DRŽAVE - SKUPAJ";z
" ";" ";"DOMAÈI";z
" ";" ";"TUJI";z
" ";"2014"
" ";" ";"DRŽAVE - SKUPAJ";z
" ";" ";"DOMAÈI";z
" ";" ";"TUJI";z
" ";"2015"
" ";" ";"DRŽAVE - SKUPAJ";z
" ";" ";"DOMAÈI";z
" ";" ";"TUJI";z
"Mislinja"
" ";"2011"
" ";" ";"DRŽAVE - SKUPAJ";30615
" ";" ";"DOMAÈI";24661
" ";" ";"TUJI";5954
" ";"2012"
" ";" ";"DRŽAVE - SKUPAJ";36759
" ";" ";"DOMAÈI";30580
" ";" ";"TUJI";6179
" ";"2013"
" ";" ";"DRŽAVE - SKUPAJ";37307
" ";" ";"DOMAÈI";31626
" ";" ";"TUJI";5681
" ";"2014"
" ";" ";"DRŽAVE - SKUPAJ";27851
" ";" ";"DOMAÈI";23227
" ";" ";"TUJI";4624
" ";"2015"
" ";" ";"DRŽAVE - SKUPAJ";29006
" ";" ";"DOMAÈI";23762
" ";" ";"TUJI";5244
"Mozirje"
" ";"2011"
" ";" ";"DRŽAVE - SKUPAJ";14328
" ";" ";"DOMAÈI";9198
" ";" ";"TUJI";5130
" ";"2012"
" ";" ";"DRŽAVE - SKUPAJ";19492
" ";" ";"DOMAÈI";11267
" ";" ";"TUJI";8225
" ";"2013"
" ";" ";"DRŽAVE - SKUPAJ";17527
" ";" ";"DOMAÈI";10502
" ";" ";"TUJI";7025
" ";"2014"
" ";" ";"DRŽAVE - SKUPAJ";13552
" ";" ";"DOMAÈI";8922
" ";" ";"TUJI";4630
" ";"2015"
" ";" ";"DRŽAVE - SKUPAJ";14039
" ";" ";"DOMAÈI";8985
" ";" ";"TUJI";5054
"Nazarje"
" ";"2011"
" ";" ";"DRŽAVE - SKUPAJ";z
" ";" ";"DOMAÈI";z
" ";" ";"TUJI";z
" ";"2012"
" ";" ";"DRŽAVE - SKUPAJ";z
" ";" ";"DOMAÈI";z
" ";" ";"TUJI";z
" ";"2013"
" ";" ";"DRŽAVE - SKUPAJ";z
" ";" ";"DOMAÈI";z
" ";" ";"TUJI";z
" ";"2014"
" ";" ";"DRŽAVE - SKUPAJ";z
" ";" ";"DOMAÈI";z
" ";" ";"TUJI";z
" ";"2015"
" ";" ";"DRŽAVE - SKUPAJ";z
" ";" ";"DOMAÈI";z
" ";" ";"TUJI";z
"Preddvor"
" ";"2011"
" ";" ";"DRŽAVE - SKUPAJ";9052
" ";" ";"DOMAÈI";2660
" ";" ";"TUJI";6392
" ";"2012"
" ";" ";"DRŽAVE - SKUPAJ";9430
" ";" ";"DOMAÈI";2345
" ";" ";"TUJI";7085
" ";"2013"
" ";" ";"DRŽAVE - SKUPAJ";11347
" ";" ";"DOMAÈI";2129
" ";" ";"TUJI";9218
" ";"2014"
" ";" ";"DRŽAVE - SKUPAJ";11564
" ";" ";"DOMAÈI";1485
" ";" ";"TUJI";10079
" ";"2015"
" ";" ";"DRŽAVE - SKUPAJ";9126
" ";" ";"DOMAÈI";1669
" ";" ";"TUJI";7457
"Prevalje"
" ";"2011"
" ";" ";"DRŽAVE - SKUPAJ";z
" ";" ";"DOMAÈI";z
" ";" ";"TUJI";z
" ";"2012"
" ";" ";"DRŽAVE - SKUPAJ";3401
" ";" ";"DOMAÈI";2008
" ";" ";"TUJI";1393
" ";"2013"
" ";" ";"DRŽAVE - SKUPAJ";3798
" ";" ";"DOMAÈI";2010
" ";" ";"TUJI";1788
" ";"2014"
" ";" ";"DRŽAVE - SKUPAJ";3484
" ";" ";"DOMAÈI";1711
" ";" ";"TUJI";1773
" ";"2015"
" ";" ";"DRŽAVE - SKUPAJ";4187
" ";" ";"DOMAÈI";1893
" ";" ";"TUJI";2294
"Radovljica"
" ";"2011"
" ";" ";"DRŽAVE - SKUPAJ";111018
" ";" ";"DOMAÈI";10474
" ";" ";"TUJI";100544
" ";"2012"
" ";" ";"DRŽAVE - SKUPAJ";134162
" ";" ";"DOMAÈI";11038
" ";" ";"TUJI";123124
" ";"2013"
" ";" ";"DRŽAVE - SKUPAJ";134036
" ";" ";"DOMAÈI";10399
" ";" ";"TUJI";123637
" ";"2014"
" ";" ";"DRŽAVE - SKUPAJ";117029
" ";" ";"DOMAÈI";9100
" ";" ";"TUJI";107929
" ";"2015"
" ";" ";"DRŽAVE - SKUPAJ";139871
" ";" ";"DOMAÈI";10812
" ";" ";"TUJI";129059
"Ravne na Koroškem"
" ";"2011"
" ";" ";"DRŽAVE - SKUPAJ";5441
" ";" ";"DOMAÈI";2350
" ";" ";"TUJI";3091
" ";"2012"
" ";" ";"DRŽAVE - SKUPAJ";4377
" ";" ";"DOMAÈI";1428
" ";" ";"TUJI";2949
" ";"2013"
" ";" ";"DRŽAVE - SKUPAJ";2966
" ";" ";"DOMAÈI";1158
" ";" ";"TUJI";1808
" ";"2014"
" ";" ";"DRŽAVE - SKUPAJ";3675
" ";" ";"DOMAÈI";1710
" ";" ";"TUJI";1965
" ";"2015"
" ";" ";"DRŽAVE - SKUPAJ";z
" ";" ";"DOMAÈI";z
" ";" ";"TUJI";z
"Ribnica na Pohorju"
" ";"2011"
" ";" ";"DRŽAVE - SKUPAJ";6590
" ";" ";"DOMAÈI";5678
" ";" ";"TUJI";912
" ";"2012"
" ";" ";"DRŽAVE - SKUPAJ";13589
" ";" ";"DOMAÈI";10812
" ";" ";"TUJI";2777
" ";"2013"
" ";" ";"DRŽAVE - SKUPAJ";15943
" ";" ";"DOMAÈI";10916
" ";" ";"TUJI";5027
" ";"2014"
" ";" ";"DRŽAVE - SKUPAJ";16321
" ";" ";"DOMAÈI";10090
" ";" ";"TUJI";6231
" ";"2015"
" ";" ";"DRŽAVE - SKUPAJ";18995
" ";" ";"DOMAÈI";12846
" ";" ";"TUJI";6149
"Ruše"
" ";"2011"
" ";" ";"DRŽAVE - SKUPAJ";15208
" ";" ";"DOMAÈI";6794
" ";" ";"TUJI";8414
" ";"2012"
" ";" ";"DRŽAVE - SKUPAJ";14347
" ";" ";"DOMAÈI";5979
" ";" ";"TUJI";8368
" ";"2013"
" ";" ";"DRŽAVE - SKUPAJ";12319
" ";" ";"DOMAÈI";5462
" ";" ";"TUJI";6857
" ";"2014"
" ";" ";"DRŽAVE - SKUPAJ";13623
" ";" ";"DOMAÈI";5950
" ";" ";"TUJI";7673
" ";"2015"
" ";" ";"DRŽAVE - SKUPAJ";11534
" ";" ";"DOMAÈI";4827
" ";" ";"TUJI";6707
"Slovenska Bistrica"
" ";"2011"
" ";" ";"DRŽAVE - SKUPAJ";20238
" ";" ";"DOMAÈI";13695
" ";" ";"TUJI";6543
" ";"2012"
" ";" ";"DRŽAVE - SKUPAJ";29647
" ";" ";"DOMAÈI";21256
" ";" ";"TUJI";8391
" ";"2013"
" ";" ";"DRŽAVE - SKUPAJ";30746
" ";" ";"DOMAÈI";24026
" ";" ";"TUJI";6720
" ";"2014"
" ";" ";"DRŽAVE - SKUPAJ";31115
" ";" ";"DOMAÈI";23648
" ";" ";"TUJI";7467
" ";"2015"
" ";" ";"DRŽAVE - SKUPAJ";32812
" ";" ";"DOMAÈI";25046
" ";" ";"TUJI";7766
"Solèava"
" ";"2011"
" ";" ";"DRŽAVE - SKUPAJ";15897
" ";" ";"DOMAÈI";9912
" ";" ";"TUJI";5985
" ";"2012"
" ";" ";"DRŽAVE - SKUPAJ";16752
" ";" ";"DOMAÈI";9836
" ";" ";"TUJI";6916
" ";"2013"
" ";" ";"DRŽAVE - SKUPAJ";16132
" ";" ";"DOMAÈI";9571
" ";" ";"TUJI";6561
" ";"2014"
" ";" ";"DRŽAVE - SKUPAJ";16384
" ";" ";"DOMAÈI";9557
" ";" ";"TUJI";6827
" ";"2015"
" ";" ";"DRŽAVE - SKUPAJ";16128
" ";" ";"DOMAÈI";8549
" ";" ";"TUJI";7579
"Tolmin"
" ";"2011"
" ";" ";"DRŽAVE - SKUPAJ";43652
" ";" ";"DOMAÈI";17134
" ";" ";"TUJI";26518
" ";"2012"
" ";" ";"DRŽAVE - SKUPAJ";48719
" ";" ";"DOMAÈI";18916
" ";" ";"TUJI";29803
" ";"2013"
" ";" ";"DRŽAVE - SKUPAJ";59694
" ";" ";"DOMAÈI";20683
" ";" ";"TUJI";39011
" ";"2014"
" ";" ";"DRŽAVE - SKUPAJ";65601
" ";" ";"DOMAÈI";20777
" ";" ";"TUJI";44824
" ";"2015"
" ";" ";"DRŽAVE - SKUPAJ";75653
" ";" ";"DOMAÈI";20328
" ";" ";"TUJI";55325
"Tržiè"
" ";"2011"
" ";" ";"DRŽAVE - SKUPAJ";1660
" ";" ";"DOMAÈI";676
" ";" ";"TUJI";984
" ";"2012"
" ";" ";"DRŽAVE - SKUPAJ";2240
" ";" ";"DOMAÈI";1056
" ";" ";"TUJI";1184
" ";"2013"
" ";" ";"DRŽAVE - SKUPAJ";1585
" ";" ";"DOMAÈI";857
" ";" ";"TUJI";728
" ";"2014"
" ";" ";"DRŽAVE - SKUPAJ";1937
" ";" ";"DOMAÈI";723
" ";" ";"TUJI";1214
" ";"2015"
" ";" ";"DRŽAVE - SKUPAJ";5147
" ";" ";"DOMAÈI";2403
" ";" ";"TUJI";2744
"Vitanje"
" ";"2011"
" ";" ";"DRŽAVE - SKUPAJ";479
" ";" ";"DOMAÈI";422
" ";" ";"TUJI";57
" ";"2012"
" ";" ";"DRŽAVE - SKUPAJ";522
" ";" ";"DOMAÈI";369
" ";" ";"TUJI";153
" ";"2013"
" ";" ";"DRŽAVE - SKUPAJ";408
" ";" ";"DOMAÈI";318
" ";" ";"TUJI";90
" ";"2014"
" ";" ";"DRŽAVE - SKUPAJ";z
" ";" ";"DOMAÈI";z
" ";" ";"TUJI";z
" ";"2015"
" ";" ";"DRŽAVE - SKUPAJ";z
" ";" ";"DOMAÈI";z
" ";" ";"TUJI";z
"Vuzenica"
" ";"2011"
" ";" ";"DRŽAVE - SKUPAJ";z
" ";" ";"DOMAÈI";z
" ";" ";"TUJI";-
" ";"2012"
" ";" ";"DRŽAVE - SKUPAJ";z
" ";" ";"DOMAÈI";z
" ";" ";"TUJI";z
" ";"2013"
" ";" ";"DRŽAVE - SKUPAJ";z
" ";" ";"DOMAÈI";z
" ";" ";"TUJI";z
" ";"2014"
" ";" ";"DRŽAVE - SKUPAJ";z
" ";" ";"DOMAÈI";z
" ";" ";"TUJI";z
" ";"2015"
" ";" ";"DRŽAVE - SKUPAJ";z
" ";" ";"DOMAÈI";z
" ";" ";"TUJI";z
"Železniki"
" ";"2011"
" ";" ";"DRŽAVE - SKUPAJ";1201
" ";" ";"DOMAÈI";1107
" ";" ";"TUJI";94
" ";"2012"
" ";" ";"DRŽAVE - SKUPAJ";1067
" ";" ";"DOMAÈI";859
" ";" ";"TUJI";208
" ";"2013"
" ";" ";"DRŽAVE - SKUPAJ";875
" ";" ";"DOMAÈI";523
" ";" ";"TUJI";352
" ";"2014"
" ";" ";"DRŽAVE - SKUPAJ";1901
" ";" ";"DOMAÈI";1226
" ";" ";"TUJI";675
" ";"2015"
" ";" ";"DRŽAVE - SKUPAJ";2512
" ";" ";"DOMAÈI";1366
" ";" ";"TUJI";1146
"Žirovnica"
" ";"2011"
" ";" ";"DRŽAVE - SKUPAJ";1732
" ";" ";"DOMAÈI";1078
" ";" ";"TUJI";654
" ";"2012"
" ";" ";"DRŽAVE - SKUPAJ";2126
" ";" ";"DOMAÈI";1378
" ";" ";"TUJI";748
" ";"2013"
" ";" ";"DRŽAVE - SKUPAJ";2949
" ";" ";"DOMAÈI";2170
" ";" ";"TUJI";779
" ";"2014"
" ";" ";"DRŽAVE - SKUPAJ";5426
" ";" ";"DOMAÈI";2735
" ";" ";"TUJI";2691
" ";"2015"
" ";" ";"DRŽAVE - SKUPAJ";5656
" ";" ";"DOMAÈI";2236
" ";" ";"TUJI";3420
"OBMORSKE OBÈINE"
" ";"2011"
" ";" ";"DRŽAVE - SKUPAJ";2105392
" ";" ";"DOMAÈI";974671
" ";" ";"TUJI";1130721
" ";"2012"
" ";" ";"DRŽAVE - SKUPAJ";2051095
" ";" ";"DOMAÈI";905492
" ";" ";"TUJI";1145603
" ";"2013"
" ";" ";"DRŽAVE - SKUPAJ";2032265
" ";" ";"DOMAÈI";882494
" ";" ";"TUJI";1149771
" ";"2014"
" ";" ";"DRŽAVE - SKUPAJ";2068761
" ";" ";"DOMAÈI";877911
" ";" ";"TUJI";1190850
" ";"2015"
" ";" ";"DRŽAVE - SKUPAJ";2163103
" ";" ";"DOMAÈI";930772
" ";" ";"TUJI";1232331
"Ankaran/Ancarano"
" ";"2011"
" ";" ";"DRŽAVE - SKUPAJ";-
" ";" ";"DOMAÈI";-
" ";" ";"TUJI";-
" ";"2012"
" ";" ";"DRŽAVE - SKUPAJ";-
" ";" ";"DOMAÈI";-
" ";" ";"TUJI";-
" ";"2013"
" ";" ";"DRŽAVE - SKUPAJ";-
" ";" ";"DOMAÈI";-
" ";" ";"TUJI";-
" ";"2014"
" ";" ";"DRŽAVE - SKUPAJ";-
" ";" ";"DOMAÈI";-
" ";" ";"TUJI";-
" ";"2015"
" ";" ";"DRŽAVE - SKUPAJ";265328
" ";" ";"DOMAÈI";172473
" ";" ";"TUJI";92855
"Izola/Isola"
" ";"2011"
" ";" ";"DRŽAVE - SKUPAJ";360310
" ";" ";"DOMAÈI";230424
" ";" ";"TUJI";129886
" ";"2012"
" ";" ";"DRŽAVE - SKUPAJ";327099
" ";" ";"DOMAÈI";197491
" ";" ";"TUJI";129608
" ";"2013"
" ";" ";"DRŽAVE - SKUPAJ";328854
" ";" ";"DOMAÈI";205119
" ";" ";"TUJI";123735
" ";"2014"
" ";" ";"DRŽAVE - SKUPAJ";328699
" ";" ";"DOMAÈI";195148
" ";" ";"TUJI";133551
" ";"2015"
" ";" ";"DRŽAVE - SKUPAJ";347897
" ";" ";"DOMAÈI";212599
" ";" ";"TUJI";135298
"Koper/Capodistria"
" ";"2011"
" ";" ";"DRŽAVE - SKUPAJ";329945
" ";" ";"DOMAÈI";221961
" ";" ";"TUJI";107984
" ";"2012"
" ";" ";"DRŽAVE - SKUPAJ";351190
" ";" ";"DOMAÈI";224770
" ";" ";"TUJI";126420
" ";"2013"
" ";" ";"DRŽAVE - SKUPAJ";333694
" ";" ";"DOMAÈI";197193
" ";" ";"TUJI";136501
" ";"2014"
" ";" ";"DRŽAVE - SKUPAJ";372349
" ";" ";"DOMAÈI";198629
" ";" ";"TUJI";173720
" ";"2015"
" ";" ";"DRŽAVE - SKUPAJ";141088
" ";" ";"DOMAÈI";55079
" ";" ";"TUJI";86009
"Piran/Pirano"
" ";"2011"
" ";" ";"DRŽAVE - SKUPAJ";1415137
" ";" ";"DOMAÈI";522286
" ";" ";"TUJI";892851
" ";"2012"
" ";" ";"DRŽAVE - SKUPAJ";1372806
" ";" ";"DOMAÈI";483231
" ";" ";"TUJI";889575
" ";"2013"
" ";" ";"DRŽAVE - SKUPAJ";1369717
" ";" ";"DOMAÈI";480182
" ";" ";"TUJI";889535
" ";"2014"
" ";" ";"DRŽAVE - SKUPAJ";1367713
" ";" ";"DOMAÈI";484134
" ";" ";"TUJI";883579
" ";"2015"
" ";" ";"DRŽAVE - SKUPAJ";1408790
" ";" ";"DOMAÈI";490621
" ";" ";"TUJI";918169
"LJUBLJANA"
" ";"2011"
" ";" ";"DRŽAVE - SKUPAJ";794646
" ";" ";"DOMAÈI";33869
" ";" ";"TUJI";760777
" ";"2012"
" ";" ";"DRŽAVE - SKUPAJ";856695
" ";" ";"DOMAÈI";33769
" ";" ";"TUJI";822926
" ";"2013"
" ";" ";"DRŽAVE - SKUPAJ";948771
" ";" ";"DOMAÈI";40735
" ";" ";"TUJI";908036
" ";"2014"
" ";" ";"DRŽAVE - SKUPAJ";1021929
" ";" ";"DOMAÈI";44839
" ";" ";"TUJI";977090
" ";"2015"
" ";" ";"DRŽAVE - SKUPAJ";1186191
" ";" ";"DOMAÈI";50012
" ";" ";"TUJI";1136179
"Ljubljana"
" ";"2011"
" ";" ";"DRŽAVE - SKUPAJ";794646
" ";" ";"DOMAÈI";33869
" ";" ";"TUJI";760777
" ";"2012"
" ";" ";"DRŽAVE - SKUPAJ";856695
" ";" ";"DOMAÈI";33769
" ";" ";"TUJI";822926
" ";"2013"
" ";" ";"DRŽAVE - SKUPAJ";948771
" ";" ";"DOMAÈI";40735
" ";" ";"TUJI";908036
" ";"2014"
" ";" ";"DRŽAVE - SKUPAJ";1021929
" ";" ";"DOMAÈI";44839
" ";" ";"TUJI";977090
" ";"2015"
" ";" ";"DRŽAVE - SKUPAJ";1186191
" ";" ";"DOMAÈI";50012
" ";" ";"TUJI";1136179
"MESTNE OBÈINE"
" ";"2011"
" ";" ";"DRŽAVE - SKUPAJ";580546
" ";" ";"DOMAÈI";121447
" ";" ";"TUJI";459099
" ";"2012"
" ";" ";"DRŽAVE - SKUPAJ";623747
" ";" ";"DOMAÈI";114088
" ";" ";"TUJI";509659
" ";"2013"
" ";" ";"DRŽAVE - SKUPAJ";604191
" ";" ";"DOMAÈI";107821
" ";" ";"TUJI";496370
" ";"2014"
" ";" ";"DRŽAVE - SKUPAJ";620599
" ";" ";"DOMAÈI";104229
" ";" ";"TUJI";516370
" ";"2015"
" ";" ";"DRŽAVE - SKUPAJ";701710
" ";" ";"DOMAÈI";120436
" ";" ";"TUJI";581274
"Celje"
" ";"2011"
" ";" ";"DRŽAVE - SKUPAJ";45333
" ";" ";"DOMAÈI";11050
" ";" ";"TUJI";34283
" ";"2012"
" ";" ";"DRŽAVE - SKUPAJ";45706
" ";" ";"DOMAÈI";11451
" ";" ";"TUJI";34255
" ";"2013"
" ";" ";"DRŽAVE - SKUPAJ";42231
" ";" ";"DOMAÈI";11029
" ";" ";"TUJI";31202
" ";"2014"
" ";" ";"DRŽAVE - SKUPAJ";39554
" ";" ";"DOMAÈI";11120
" ";" ";"TUJI";28434
" ";"2015"
" ";" ";"DRŽAVE - SKUPAJ";51847
" ";" ";"DOMAÈI";13376
" ";" ";"TUJI";38471
"Kranj"
" ";"2011"
" ";" ";"DRŽAVE - SKUPAJ";34613
" ";" ";"DOMAÈI";5578
" ";" ";"TUJI";29035
" ";"2012"
" ";" ";"DRŽAVE - SKUPAJ";36484
" ";" ";"DOMAÈI";5206
" ";" ";"TUJI";31278
" ";"2013"
" ";" ";"DRŽAVE - SKUPAJ";56159
" ";" ";"DOMAÈI";7459
" ";" ";"TUJI";48700
" ";"2014"
" ";" ";"DRŽAVE - SKUPAJ";62272
" ";" ";"DOMAÈI";8827
" ";" ";"TUJI";53445
" ";"2015"
" ";" ";"DRŽAVE - SKUPAJ";73041
" ";" ";"DOMAÈI";8918
" ";" ";"TUJI";64123
"Maribor"
" ";"2011"
" ";" ";"DRŽAVE - SKUPAJ";224144
" ";" ";"DOMAÈI";50265
" ";" ";"TUJI";173879
" ";"2012"
" ";" ";"DRŽAVE - SKUPAJ";269474
" ";" ";"DOMAÈI";47527
" ";" ";"TUJI";221947
" ";"2013"
" ";" ";"DRŽAVE - SKUPAJ";232806
" ";" ";"DOMAÈI";42110
" ";" ";"TUJI";190696
" ";"2014"
" ";" ";"DRŽAVE - SKUPAJ";239446
" ";" ";"DOMAÈI";34921
" ";" ";"TUJI";204525
" ";"2015"
" ";" ";"DRŽAVE - SKUPAJ";285163
" ";" ";"DOMAÈI";41744
" ";" ";"TUJI";243419
"Murska Sobota"
" ";"2011"
" ";" ";"DRŽAVE - SKUPAJ";29921
" ";" ";"DOMAÈI";15480
" ";" ";"TUJI";14441
" ";"2012"
" ";" ";"DRŽAVE - SKUPAJ";26820
" ";" ";"DOMAÈI";12788
" ";" ";"TUJI";14032
" ";"2013"
" ";" ";"DRŽAVE - SKUPAJ";22566
" ";" ";"DOMAÈI";11758
" ";" ";"TUJI";10808
" ";"2014"
" ";" ";"DRŽAVE - SKUPAJ";22359
" ";" ";"DOMAÈI";12502
" ";" ";"TUJI";9857
" ";"2015"
" ";" ";"DRŽAVE - SKUPAJ";24996
" ";" ";"DOMAÈI";15442
" ";" ";"TUJI";9554
"Nova Gorica"
" ";"2011"
" ";" ";"DRŽAVE - SKUPAJ";145196
" ";" ";"DOMAÈI";9460
" ";" ";"TUJI";135736
" ";"2012"
" ";" ";"DRŽAVE - SKUPAJ";140787
" ";" ";"DOMAÈI";10581
" ";" ";"TUJI";130206
" ";"2013"
" ";" ";"DRŽAVE - SKUPAJ";138976
" ";" ";"DOMAÈI";9790
" ";" ";"TUJI";129186
" ";"2014"
" ";" ";"DRŽAVE - SKUPAJ";153779
" ";" ";"DOMAÈI";9779
" ";" ";"TUJI";144000
" ";"2015"
" ";" ";"DRŽAVE - SKUPAJ";162366
" ";" ";"DOMAÈI";11021
" ";" ";"TUJI";151345
"Novo mesto"
" ";"2011"
" ";" ";"DRŽAVE - SKUPAJ";65868
" ";" ";"DOMAÈI";19616
" ";" ";"TUJI";46252
" ";"2012"
" ";" ";"DRŽAVE - SKUPAJ";64093
" ";" ";"DOMAÈI";14688
" ";" ";"TUJI";49405
" ";"2013"
" ";" ";"DRŽAVE - SKUPAJ";65589
" ";" ";"DOMAÈI";10144
" ";" ";"TUJI";55445
" ";"2014"
" ";" ";"DRŽAVE - SKUPAJ";56581
" ";" ";"DOMAÈI";10669
" ";" ";"TUJI";45912
" ";"2015"
" ";" ";"DRŽAVE - SKUPAJ";60441
" ";" ";"DOMAÈI";13631
" ";" ";"TUJI";46810
"Slovenj Gradec"
" ";"2011"
" ";" ";"DRŽAVE - SKUPAJ";19202
" ";" ";"DOMAÈI";6652
" ";" ";"TUJI";12550
" ";"2012"
" ";" ";"DRŽAVE - SKUPAJ";22637
" ";" ";"DOMAÈI";8500
" ";" ";"TUJI";14137
" ";"2013"
" ";" ";"DRŽAVE - SKUPAJ";27902
" ";" ";"DOMAÈI";11309
" ";" ";"TUJI";16593
" ";"2014"
" ";" ";"DRŽAVE - SKUPAJ";28500
" ";" ";"DOMAÈI";13833
" ";" ";"TUJI";14667
" ";"2015"
" ";" ";"DRŽAVE - SKUPAJ";28473
" ";" ";"DOMAÈI";13414
" ";" ";"TUJI";15059
"Velenje"
" ";"2011"
" ";" ";"DRŽAVE - SKUPAJ";16269
" ";" ";"DOMAÈI";3346
" ";" ";"TUJI";12923
" ";"2012"
" ";" ";"DRŽAVE - SKUPAJ";17746
" ";" ";"DOMAÈI";3347
" ";" ";"TUJI";14399
" ";"2013"
" ";" ";"DRŽAVE - SKUPAJ";17962
" ";" ";"DOMAÈI";4222
" ";" ";"TUJI";13740
" ";"2014"
" ";" ";"DRŽAVE - SKUPAJ";18108
" ";" ";"DOMAÈI";2578
" ";" ";"TUJI";15530
" ";"2015"
" ";" ";"DRŽAVE - SKUPAJ";15383
" ";" ";"DOMAÈI";2890
" ";" ";"TUJI";12493
"DRUGE OBÈINE"
" ";"2011"
" ";" ";"DRŽAVE - SKUPAJ";601761
" ";" ";"DOMAÈI";240267
" ";" ";"TUJI";361494
" ";"2012"
" ";" ";"DRŽAVE - SKUPAJ";610864
" ";" ";"DOMAÈI";235691
" ";" ";"TUJI";375173
" ";"2013"
" ";" ";"DRŽAVE - SKUPAJ";616092
" ";" ";"DOMAÈI";235384
" ";" ";"TUJI";380708
" ";"2014"
" ";" ";"DRŽAVE - SKUPAJ";634361
" ";" ";"DOMAÈI";226140
" ";" ";"TUJI";408221
" ";"2015"
" ";" ";"DRŽAVE - SKUPAJ";700682
" ";" ";"DOMAÈI";242437
" ";" ";"TUJI";458245
"Ajdovšèina"
" ";"2011"
" ";" ";"DRŽAVE - SKUPAJ";12106
" ";" ";"DOMAÈI";2148
" ";" ";"TUJI";9958
" ";"2012"
" ";" ";"DRŽAVE - SKUPAJ";12183
" ";" ";"DOMAÈI";3283
" ";" ";"TUJI";8900
" ";"2013"
" ";" ";"DRŽAVE - SKUPAJ";14954
" ";" ";"DOMAÈI";3649
" ";" ";"TUJI";11305
" ";"2014"
" ";" ";"DRŽAVE - SKUPAJ";16254
" ";" ";"DOMAÈI";4899
" ";" ";"TUJI";11355
" ";"2015"
" ";" ";"DRŽAVE - SKUPAJ";16115
" ";" ";"DOMAÈI";4329
" ";" ";"TUJI";11786
"Apaèe"
" ";"2011"
" ";" ";"DRŽAVE - SKUPAJ";z
" ";" ";"DOMAÈI";z
" ";" ";"TUJI";z
" ";"2012"
" ";" ";"DRŽAVE - SKUPAJ";z
" ";" ";"DOMAÈI";z
" ";" ";"TUJI";z
" ";"2013"
" ";" ";"DRŽAVE - SKUPAJ";z
" ";" ";"DOMAÈI";z
" ";" ";"TUJI";z
" ";"2014"
" ";" ";"DRŽAVE - SKUPAJ";z
" ";" ";"DOMAÈI";z
" ";" ";"TUJI";z
" ";"2015"
" ";" ";"DRŽAVE - SKUPAJ";z
" ";" ";"DOMAÈI";z
" ";" ";"TUJI";z
"Beltinci"
" ";"2011"
" ";" ";"DRŽAVE - SKUPAJ";z
" ";" ";"DOMAÈI";z
" ";" ";"TUJI";z
" ";"2012"
" ";" ";"DRŽAVE - SKUPAJ";z
" ";" ";"DOMAÈI";z
" ";" ";"TUJI";z
" ";"2013"
" ";" ";"DRŽAVE - SKUPAJ";z
" ";" ";"DOMAÈI";z
" ";" ";"TUJI";z
" ";"2014"
" ";" ";"DRŽAVE - SKUPAJ";z
" ";" ";"DOMAÈI";z
" ";" ";"TUJI";z
" ";"2015"
" ";" ";"DRŽAVE - SKUPAJ";z
" ";" ";"DOMAÈI";z
" ";" ";"TUJI";z
"Benedikt"
" ";"2011"
" ";" ";"DRŽAVE - SKUPAJ";z
" ";" ";"DOMAÈI";z
" ";" ";"TUJI";z
" ";"2012"
" ";" ";"DRŽAVE - SKUPAJ";1073
" ";" ";"DOMAÈI";416
" ";" ";"TUJI";657
" ";"2013"
" ";" ";"DRŽAVE - SKUPAJ";1182
" ";" ";"DOMAÈI";436
" ";" ";"TUJI";746
" ";"2014"
" ";" ";"DRŽAVE - SKUPAJ";977
" ";" ";"DOMAÈI";245
" ";" ";"TUJI";732
" ";"2015"
" ";" ";"DRŽAVE - SKUPAJ";1049
" ";" ";"DOMAÈI";265
" ";" ";"TUJI";784
"Bistrica ob Sotli"
" ";"2011"
" ";" ";"DRŽAVE - SKUPAJ";-
" ";" ";"DOMAÈI";-
" ";" ";"TUJI";-
" ";"2012"
" ";" ";"DRŽAVE - SKUPAJ";z
" ";" ";"DOMAÈI";z
" ";" ";"TUJI";z
" ";"2013"
" ";" ";"DRŽAVE - SKUPAJ";z
" ";" ";"DOMAÈI";z
" ";" ";"TUJI";z
" ";"2014"
" ";" ";"DRŽAVE - SKUPAJ";221
" ";" ";"DOMAÈI";50
" ";" ";"TUJI";171
" ";"2015"
" ";" ";"DRŽAVE - SKUPAJ";137
" ";" ";"DOMAÈI";5
" ";" ";"TUJI";132
"Bloke"
" ";"2011"
" ";" ";"DRŽAVE - SKUPAJ";z
" ";" ";"DOMAÈI";z
" ";" ";"TUJI";z
" ";"2012"
" ";" ";"DRŽAVE - SKUPAJ";871
" ";" ";"DOMAÈI";236
" ";" ";"TUJI";635
" ";"2013"
" ";" ";"DRŽAVE - SKUPAJ";916
" ";" ";"DOMAÈI";85
" ";" ";"TUJI";831
" ";"2014"
" ";" ";"DRŽAVE - SKUPAJ";665
" ";" ";"DOMAÈI";54
" ";" ";"TUJI";611
" ";"2015"
" ";" ";"DRŽAVE - SKUPAJ";635
" ";" ";"DOMAÈI";177
" ";" ";"TUJI";458
"Borovnica"
" ";"2011"
" ";" ";"DRŽAVE - SKUPAJ";-
" ";" ";"DOMAÈI";-
" ";" ";"TUJI";-
" ";"2012"
" ";" ";"DRŽAVE - SKUPAJ";-
" ";" ";"DOMAÈI";-
" ";" ";"TUJI";-
" ";"2013"
" ";" ";"DRŽAVE - SKUPAJ";-
" ";" ";"DOMAÈI";-
" ";" ";"TUJI";-
" ";"2014"
" ";" ";"DRŽAVE - SKUPAJ";-
" ";" ";"DOMAÈI";-
" ";" ";"TUJI";-
" ";"2015"
" ";" ";"DRŽAVE - SKUPAJ";-
" ";" ";"DOMAÈI";-
" ";" ";"TUJI";-
"Braslovèe"
" ";"2011"
" ";" ";"DRŽAVE - SKUPAJ";z
" ";" ";"DOMAÈI";z
" ";" ";"TUJI";z
" ";"2012"
" ";" ";"DRŽAVE - SKUPAJ";z
" ";" ";"DOMAÈI";z
" ";" ";"TUJI";z
" ";"2013"
" ";" ";"DRŽAVE - SKUPAJ";z
" ";" ";"DOMAÈI";z
" ";" ";"TUJI";z
" ";"2014"
" ";" ";"DRŽAVE - SKUPAJ";z
" ";" ";"DOMAÈI";z
" ";" ";"TUJI";z
" ";"2015"
" ";" ";"DRŽAVE - SKUPAJ";z
" ";" ";"DOMAÈI";z
" ";" ";"TUJI";z
"Brda"
" ";"2011"
" ";" ";"DRŽAVE - SKUPAJ";16819
" ";" ";"DOMAÈI";4996
" ";" ";"TUJI";11823
" ";"2012"
" ";" ";"DRŽAVE - SKUPAJ";17529
" ";" ";"DOMAÈI";4593
" ";" ";"TUJI";12936
" ";"2013"
" ";" ";"DRŽAVE - SKUPAJ";19558
" ";" ";"DOMAÈI";4726
" ";" ";"TUJI";14832
" ";"2014"
" ";" ";"DRŽAVE - SKUPAJ";26108
" ";" ";"DOMAÈI";5744
" ";" ";"TUJI";20364
" ";"2015"
" ";" ";"DRŽAVE - SKUPAJ";34717
" ";" ";"DOMAÈI";9073
" ";" ";"TUJI";25644
"Brezovica"
" ";"2011"
" ";" ";"DRŽAVE - SKUPAJ";8938
" ";" ";"DOMAÈI";8490
" ";" ";"TUJI";448
" ";"2012"
" ";" ";"DRŽAVE - SKUPAJ";9555
" ";" ";"DOMAÈI";8375
" ";" ";"TUJI";1180
" ";"2013"
" ";" ";"DRŽAVE - SKUPAJ";8916
" ";" ";"DOMAÈI";8152
" ";" ";"TUJI";764
" ";"2014"
" ";" ";"DRŽAVE - SKUPAJ";8232
" ";" ";"DOMAÈI";7524
" ";" ";"TUJI";708
" ";"2015"
" ";" ";"DRŽAVE - SKUPAJ";6809
" ";" ";"DOMAÈI";5638
" ";" ";"TUJI";1171
"Cankova"
" ";"2011"
" ";" ";"DRŽAVE - SKUPAJ";1802
" ";" ";"DOMAÈI";1533
" ";" ";"TUJI";269
" ";"2012"
" ";" ";"DRŽAVE - SKUPAJ";1691
" ";" ";"DOMAÈI";1534
" ";" ";"TUJI";157
" ";"2013"
" ";" ";"DRŽAVE - SKUPAJ";z
" ";" ";"DOMAÈI";z
" ";" ";"TUJI";z
" ";"2014"
" ";" ";"DRŽAVE - SKUPAJ";z
" ";" ";"DOMAÈI";z
" ";" ";"TUJI";z
" ";"2015"
" ";" ";"DRŽAVE - SKUPAJ";z
" ";" ";"DOMAÈI";z
" ";" ";"TUJI";z
"Cerknica"
" ";"2011"
" ";" ";"DRŽAVE - SKUPAJ";9976
" ";" ";"DOMAÈI";7857
" ";" ";"TUJI";2119
" ";"2012"
" ";" ";"DRŽAVE - SKUPAJ";8659
" ";" ";"DOMAÈI";6775
" ";" ";"TUJI";1884
" ";"2013"
" ";" ";"DRŽAVE - SKUPAJ";9772
" ";" ";"DOMAÈI";7383
" ";" ";"TUJI";2389
" ";"2014"
" ";" ";"DRŽAVE - SKUPAJ";8036
" ";" ";"DOMAÈI";5353
" ";" ";"TUJI";2683
" ";"2015"
" ";" ";"DRŽAVE - SKUPAJ";10936
" ";" ";"DOMAÈI";7349
" ";" ";"TUJI";3587
"Cerkvenjak"
" ";"2011"
" ";" ";"DRŽAVE - SKUPAJ";z
" ";" ";"DOMAÈI";z
" ";" ";"TUJI";z
" ";"2012"
" ";" ";"DRŽAVE - SKUPAJ";z
" ";" ";"DOMAÈI";z
" ";" ";"TUJI";z
" ";"2013"
" ";" ";"DRŽAVE - SKUPAJ";z
" ";" ";"DOMAÈI";z
" ";" ";"TUJI";z
" ";"2014"
" ";" ";"DRŽAVE - SKUPAJ";z
" ";" ";"DOMAÈI";z
" ";" ";"TUJI";z
" ";"2015"
" ";" ";"DRŽAVE - SKUPAJ";z
" ";" ";"DOMAÈI";z
" ";" ";"TUJI";z
"Cirkulane"
" ";"2011"
" ";" ";"DRŽAVE - SKUPAJ";z
" ";" ";"DOMAÈI";-
" ";" ";"TUJI";z
" ";"2012"
" ";" ";"DRŽAVE - SKUPAJ";z
" ";" ";"DOMAÈI";z
" ";" ";"TUJI";z
" ";"2013"
" ";" ";"DRŽAVE - SKUPAJ";z
" ";" ";"DOMAÈI";z
" ";" ";"TUJI";z
" ";"2014"
" ";" ";"DRŽAVE - SKUPAJ";z
" ";" ";"DOMAÈI";z
" ";" ";"TUJI";z
" ";"2015"
" ";" ";"DRŽAVE - SKUPAJ";z
" ";" ";"DOMAÈI";z
" ";" ";"TUJI";z
"Èrenšovci"
" ";"2011"
" ";" ";"DRŽAVE - SKUPAJ";-
" ";" ";"DOMAÈI";-
" ";" ";"TUJI";-
" ";"2012"
" ";" ";"DRŽAVE - SKUPAJ";z
" ";" ";"DOMAÈI";z
" ";" ";"TUJI";z
" ";"2013"
" ";" ";"DRŽAVE - SKUPAJ";-
" ";" ";"DOMAÈI";-
" ";" ";"TUJI";-
" ";"2014"
" ";" ";"DRŽAVE - SKUPAJ";-
" ";" ";"DOMAÈI";-
" ";" ";"TUJI";-
" ";"2015"
" ";" ";"DRŽAVE - SKUPAJ";-
" ";" ";"DOMAÈI";-
" ";" ";"TUJI";-
"Èrnomelj"
" ";"2011"
" ";" ";"DRŽAVE - SKUPAJ";26139
" ";" ";"DOMAÈI";15442
" ";" ";"TUJI";10697
" ";"2012"
" ";" ";"DRŽAVE - SKUPAJ";31866
" ";" ";"DOMAÈI";19742
" ";" ";"TUJI";12124
" ";"2013"
" ";" ";"DRŽAVE - SKUPAJ";24808
" ";" ";"DOMAÈI";16616
" ";" ";"TUJI";8192
" ";"2014"
" ";" ";"DRŽAVE - SKUPAJ";23707
" ";" ";"DOMAÈI";13857
" ";" ";"TUJI";9850
" ";"2015"
" ";" ";"DRŽAVE - SKUPAJ";24588
" ";" ";"DOMAÈI";17315
" ";" ";"TUJI";7273
"Destrnik"
" ";"2011"
" ";" ";"DRŽAVE - SKUPAJ";-
" ";" ";"DOMAÈI";-
" ";" ";"TUJI";-
" ";"2012"
" ";" ";"DRŽAVE - SKUPAJ";-
" ";" ";"DOMAÈI";-
" ";" ";"TUJI";-
" ";"2013"
" ";" ";"DRŽAVE - SKUPAJ";-
" ";" ";"DOMAÈI";-
" ";" ";"TUJI";-
" ";"2014"
" ";" ";"DRŽAVE - SKUPAJ";-
" ";" ";"DOMAÈI";-
" ";" ";"TUJI";-
" ";"2015"
" ";" ";"DRŽAVE - SKUPAJ";z
" ";" ";"DOMAÈI";z
" ";" ";"TUJI";z
"Divaèa"
" ";"2011"
" ";" ";"DRŽAVE - SKUPAJ";7697
" ";" ";"DOMAÈI";665
" ";" ";"TUJI";7032
" ";"2012"
" ";" ";"DRŽAVE - SKUPAJ";12818
" ";" ";"DOMAÈI";971
" ";" ";"TUJI";11847
" ";"2013"
" ";" ";"DRŽAVE - SKUPAJ";13571
" ";" ";"DOMAÈI";1169
" ";" ";"TUJI";12402
" ";"2014"
" ";" ";"DRŽAVE - SKUPAJ";13402
" ";" ";"DOMAÈI";930
" ";" ";"TUJI";12472
" ";"2015"
" ";" ";"DRŽAVE - SKUPAJ";16084
" ";" ";"DOMAÈI";1844
" ";" ";"TUJI";14240
"Dobje"
" ";"2011"
" ";" ";"DRŽAVE - SKUPAJ";-
" ";" ";"DOMAÈI";-
" ";" ";"TUJI";-
" ";"2012"
" ";" ";"DRŽAVE - SKUPAJ";-
" ";" ";"DOMAÈI";-
" ";" ";"TUJI";-
" ";"2013"
" ";" ";"DRŽAVE - SKUPAJ";-
" ";" ";"DOMAÈI";-
" ";" ";"TUJI";-
" ";"2014"
" ";" ";"DRŽAVE - SKUPAJ";-
" ";" ";"DOMAÈI";-
" ";" ";"TUJI";-
" ";"2015"
" ";" ";"DRŽAVE - SKUPAJ";z
" ";" ";"DOMAÈI";z
" ";" ";"TUJI";z
"Dobrepolje"
" ";"2011"
" ";" ";"DRŽAVE - SKUPAJ";-
" ";" ";"DOMAÈI";-
" ";" ";"TUJI";-
" ";"2012"
" ";" ";"DRŽAVE - SKUPAJ";-
" ";" ";"DOMAÈI";-
" ";" ";"TUJI";-
" ";"2013"
" ";" ";"DRŽAVE - SKUPAJ";-
" ";" ";"DOMAÈI";-
" ";" ";"TUJI";-
" ";"2014"
" ";" ";"DRŽAVE - SKUPAJ";-
" ";" ";"DOMAÈI";-
" ";" ";"TUJI";-
" ";"2015"
" ";" ";"DRŽAVE - SKUPAJ";-
" ";" ";"DOMAÈI";-
" ";" ";"TUJI";-
"Dobrova - Polhov Gradec"
" ";"2011"
" ";" ";"DRŽAVE - SKUPAJ";-
" ";" ";"DOMAÈI";-
" ";" ";"TUJI";-
" ";"2012"
" ";" ";"DRŽAVE - SKUPAJ";-
" ";" ";"DOMAÈI";-
" ";" ";"TUJI";-
" ";"2013"
" ";" ";"DRŽAVE - SKUPAJ";z
" ";" ";"DOMAÈI";z
" ";" ";"TUJI";z
" ";"2014"
" ";" ";"DRŽAVE - SKUPAJ";z
" ";" ";"DOMAÈI";z
" ";" ";"TUJI";z
" ";"2015"
" ";" ";"DRŽAVE - SKUPAJ";z
" ";" ";"DOMAÈI";z
" ";" ";"TUJI";z
"Dobrovnik/Dobronak"
" ";"2011"
" ";" ";"DRŽAVE - SKUPAJ";-
" ";" ";"DOMAÈI";-
" ";" ";"TUJI";-
" ";"2012"
" ";" ";"DRŽAVE - SKUPAJ";-
" ";" ";"DOMAÈI";-
" ";" ";"TUJI";-
" ";"2013"
" ";" ";"DRŽAVE - SKUPAJ";-
" ";" ";"DOMAÈI";-
" ";" ";"TUJI";-
" ";"2014"
" ";" ";"DRŽAVE - SKUPAJ";z
" ";" ";"DOMAÈI";z
" ";" ";"TUJI";z
" ";"2015"
" ";" ";"DRŽAVE - SKUPAJ";-
" ";" ";"DOMAÈI";-
" ";" ";"TUJI";-
"Dol pri Ljubljani"
" ";"2011"
" ";" ";"DRŽAVE - SKUPAJ";z
" ";" ";"DOMAÈI";z
" ";" ";"TUJI";z
" ";"2012"
" ";" ";"DRŽAVE - SKUPAJ";z
" ";" ";"DOMAÈI";z
" ";" ";"TUJI";z
" ";"2013"
" ";" ";"DRŽAVE - SKUPAJ";z
" ";" ";"DOMAÈI";z
" ";" ";"TUJI";z
" ";"2014"
" ";" ";"DRŽAVE - SKUPAJ";z
" ";" ";"DOMAÈI";z
" ";" ";"TUJI";z
" ";"2015"
" ";" ";"DRŽAVE - SKUPAJ";z
" ";" ";"DOMAÈI";z
" ";" ";"TUJI";z
"Domžale"
" ";"2011"
" ";" ";"DRŽAVE - SKUPAJ";22926
" ";" ";"DOMAÈI";3453
" ";" ";"TUJI";19473
" ";"2012"
" ";" ";"DRŽAVE - SKUPAJ";20655
" ";" ";"DOMAÈI";2552
" ";" ";"TUJI";18103
" ";"2013"
" ";" ";"DRŽAVE - SKUPAJ";22164
" ";" ";"DOMAÈI";2800
" ";" ";"TUJI";19364
" ";"2014"
" ";" ";"DRŽAVE - SKUPAJ";23609
" ";" ";"DOMAÈI";2529
" ";" ";"TUJI";21080
" ";"2015"
" ";" ";"DRŽAVE - SKUPAJ";25386
" ";" ";"DOMAÈI";2030
" ";" ";"TUJI";23356
"Dornava"
" ";"2011"
" ";" ";"DRŽAVE - SKUPAJ";-
" ";" ";"DOMAÈI";-
" ";" ";"TUJI";-
" ";"2012"
" ";" ";"DRŽAVE - SKUPAJ";-
" ";" ";"DOMAÈI";-
" ";" ";"TUJI";-
" ";"2013"
" ";" ";"DRŽAVE - SKUPAJ";-
" ";" ";"DOMAÈI";-
" ";" ";"TUJI";-
" ";"2014"
" ";" ";"DRŽAVE - SKUPAJ";-
" ";" ";"DOMAÈI";-
" ";" ";"TUJI";-
" ";"2015"
" ";" ";"DRŽAVE - SKUPAJ";-
" ";" ";"DOMAÈI";-
" ";" ";"TUJI";-
"Dravograd"
" ";"2011"
" ";" ";"DRŽAVE - SKUPAJ";12705
" ";" ";"DOMAÈI";9058
" ";" ";"TUJI";3647
" ";"2012"
" ";" ";"DRŽAVE - SKUPAJ";11965
" ";" ";"DOMAÈI";7690
" ";" ";"TUJI";4275
" ";"2013"
" ";" ";"DRŽAVE - SKUPAJ";10979
" ";" ";"DOMAÈI";6858
" ";" ";"TUJI";4121
" ";"2014"
" ";" ";"DRŽAVE - SKUPAJ";10931
" ";" ";"DOMAÈI";7162
" ";" ";"TUJI";3769
" ";"2015"
" ";" ";"DRŽAVE - SKUPAJ";13378
" ";" ";"DOMAÈI";7339
" ";" ";"TUJI";6039
"Duplek"
" ";"2011"
" ";" ";"DRŽAVE - SKUPAJ";-
" ";" ";"DOMAÈI";-
" ";" ";"TUJI";-
" ";"2012"
" ";" ";"DRŽAVE - SKUPAJ";-
" ";" ";"DOMAÈI";-
" ";" ";"TUJI";-
" ";"2013"
" ";" ";"DRŽAVE - SKUPAJ";-
" ";" ";"DOMAÈI";-
" ";" ";"TUJI";-
" ";"2014"
" ";" ";"DRŽAVE - SKUPAJ";-
" ";" ";"DOMAÈI";-
" ";" ";"TUJI";-
" ";"2015"
" ";" ";"DRŽAVE - SKUPAJ";-
" ";" ";"DOMAÈI";-
" ";" ";"TUJI";-
"Gorenja vas - Poljane"
" ";"2011"
" ";" ";"DRŽAVE - SKUPAJ";4972
" ";" ";"DOMAÈI";1710
" ";" ";"TUJI";3262
" ";"2012"
" ";" ";"DRŽAVE - SKUPAJ";5212
" ";" ";"DOMAÈI";1909
" ";" ";"TUJI";3303
" ";"2013"
" ";" ";"DRŽAVE - SKUPAJ";5130
" ";" ";"DOMAÈI";2134
" ";" ";"TUJI";2996
" ";"2014"
" ";" ";"DRŽAVE - SKUPAJ";5891
" ";" ";"DOMAÈI";1935
" ";" ";"TUJI";3956
" ";"2015"
" ";" ";"DRŽAVE - SKUPAJ";5698
" ";" ";"DOMAÈI";1822
" ";" ";"TUJI";3876
"Gorišnica"
" ";"2011"
" ";" ";"DRŽAVE - SKUPAJ";z
" ";" ";"DOMAÈI";z
" ";" ";"TUJI";z
" ";"2012"
" ";" ";"DRŽAVE - SKUPAJ";z
" ";" ";"DOMAÈI";z
" ";" ";"TUJI";z
" ";"2013"
" ";" ";"DRŽAVE - SKUPAJ";z
" ";" ";"DOMAÈI";z
" ";" ";"TUJI";z
" ";"2014"
" ";" ";"DRŽAVE - SKUPAJ";z
" ";" ";"DOMAÈI";z
" ";" ";"TUJI";z
" ";"2015"
" ";" ";"DRŽAVE - SKUPAJ";z
" ";" ";"DOMAÈI";z
" ";" ";"TUJI";z
"Gornja Radgona"
" ";"2011"
" ";" ";"DRŽAVE - SKUPAJ";960
" ";" ";"DOMAÈI";273
" ";" ";"TUJI";687
" ";"2012"
" ";" ";"DRŽAVE - SKUPAJ";996
" ";" ";"DOMAÈI";350
" ";" ";"TUJI";646
" ";"2013"
" ";" ";"DRŽAVE - SKUPAJ";1049
" ";" ";"DOMAÈI";418
" ";" ";"TUJI";631
" ";"2014"
" ";" ";"DRŽAVE - SKUPAJ";1383
" ";" ";"DOMAÈI";446
" ";" ";"TUJI";937
" ";"2015"
" ";" ";"DRŽAVE - SKUPAJ";1911
" ";" ";"DOMAÈI";737
" ";" ";"TUJI";1174
"Gornji Petrovci"
" ";"2011"
" ";" ";"DRŽAVE - SKUPAJ";z
" ";" ";"DOMAÈI";z
" ";" ";"TUJI";z
" ";"2012"
" ";" ";"DRŽAVE - SKUPAJ";z
" ";" ";"DOMAÈI";z
" ";" ";"TUJI";z
" ";"2013"
" ";" ";"DRŽAVE - SKUPAJ";z
" ";" ";"DOMAÈI";z
" ";" ";"TUJI";z
" ";"2014"
" ";" ";"DRŽAVE - SKUPAJ";z
" ";" ";"DOMAÈI";z
" ";" ";"TUJI";z
" ";"2015"
" ";" ";"DRŽAVE - SKUPAJ";80
" ";" ";"DOMAÈI";51
" ";" ";"TUJI";29
"Grad"
" ";"2011"
" ";" ";"DRŽAVE - SKUPAJ";240
" ";" ";"DOMAÈI";145
" ";" ";"TUJI";95
" ";"2012"
" ";" ";"DRŽAVE - SKUPAJ";241
" ";" ";"DOMAÈI";141
" ";" ";"TUJI";100
" ";"2013"
" ";" ";"DRŽAVE - SKUPAJ";z
" ";" ";"DOMAÈI";z
" ";" ";"TUJI";z
" ";"2014"
" ";" ";"DRŽAVE - SKUPAJ";z
" ";" ";"DOMAÈI";z
" ";" ";"TUJI";z
" ";"2015"
" ";" ";"DRŽAVE - SKUPAJ";z
" ";" ";"DOMAÈI";z
" ";" ";"TUJI";z
"Grosuplje"
" ";"2011"
" ";" ";"DRŽAVE - SKUPAJ";13246
" ";" ";"DOMAÈI";1183
" ";" ";"TUJI";12063
" ";"2012"
" ";" ";"DRŽAVE - SKUPAJ";12105
" ";" ";"DOMAÈI";848
" ";" ";"TUJI";11257
" ";"2013"
" ";" ";"DRŽAVE - SKUPAJ";12381
" ";" ";"DOMAÈI";582
" ";" ";"TUJI";11799
" ";"2014"
" ";" ";"DRŽAVE - SKUPAJ";11360
" ";" ";"DOMAÈI";751
" ";" ";"TUJI";10609
" ";"2015"
" ";" ";"DRŽAVE - SKUPAJ";12447
" ";" ";"DOMAÈI";559
" ";" ";"TUJI";11888
"Hajdina"
" ";"2011"
" ";" ";"DRŽAVE - SKUPAJ";4810
" ";" ";"DOMAÈI";436
" ";" ";"TUJI";4374
" ";"2012"
" ";" ";"DRŽAVE - SKUPAJ";5016
" ";" ";"DOMAÈI";412
" ";" ";"TUJI";4604
" ";"2013"
" ";" ";"DRŽAVE - SKUPAJ";4051
" ";" ";"DOMAÈI";309
" ";" ";"TUJI";3742
" ";"2014"
" ";" ";"DRŽAVE - SKUPAJ";3529
" ";" ";"DOMAÈI";313
" ";" ";"TUJI";3216
" ";"2015"
" ";" ";"DRŽAVE - SKUPAJ";4778
" ";" ";"DOMAÈI";500
" ";" ";"TUJI";4278
"Hodoš/Hodos"
" ";"2011"
" ";" ";"DRŽAVE - SKUPAJ";-
" ";" ";"DOMAÈI";-
" ";" ";"TUJI";-
" ";"2012"
" ";" ";"DRŽAVE - SKUPAJ";-
" ";" ";"DOMAÈI";-
" ";" ";"TUJI";-
" ";"2013"
" ";" ";"DRŽAVE - SKUPAJ";-
" ";" ";"DOMAÈI";-
" ";" ";"TUJI";-
" ";"2014"
" ";" ";"DRŽAVE - SKUPAJ";-
" ";" ";"DOMAÈI";-
" ";" ";"TUJI";-
" ";"2015"
" ";" ";"DRŽAVE - SKUPAJ";-
" ";" ";"DOMAÈI";-
" ";" ";"TUJI";-
"Horjul"
" ";"2011"
" ";" ";"DRŽAVE - SKUPAJ";-
" ";" ";"DOMAÈI";-
" ";" ";"TUJI";-
" ";"2012"
" ";" ";"DRŽAVE - SKUPAJ";z
" ";" ";"DOMAÈI";z
" ";" ";"TUJI";z
" ";"2013"
" ";" ";"DRŽAVE - SKUPAJ";z
" ";" ";"DOMAÈI";z
" ";" ";"TUJI";z
" ";"2014"
" ";" ";"DRŽAVE - SKUPAJ";z
" ";" ";"DOMAÈI";z
" ";" ";"TUJI";z
" ";"2015"
" ";" ";"DRŽAVE - SKUPAJ";z
" ";" ";"DOMAÈI";z
" ";" ";"TUJI";z
"Hrastnik"
" ";"2011"
" ";" ";"DRŽAVE - SKUPAJ";398
" ";" ";"DOMAÈI";144
" ";" ";"TUJI";254
" ";"2012"
" ";" ";"DRŽAVE - SKUPAJ";229
" ";" ";"DOMAÈI";111
" ";" ";"TUJI";118
" ";"2013"
" ";" ";"DRŽAVE - SKUPAJ";333
" ";" ";"DOMAÈI";158
" ";" ";"TUJI";175
" ";"2014"
" ";" ";"DRŽAVE - SKUPAJ";243
" ";" ";"DOMAÈI";135
" ";" ";"TUJI";108
" ";"2015"
" ";" ";"DRŽAVE - SKUPAJ";293
" ";" ";"DOMAÈI";134
" ";" ";"TUJI";159
"Hrpelje - Kozina"
" ";"2011"
" ";" ";"DRŽAVE - SKUPAJ";14729
" ";" ";"DOMAÈI";998
" ";" ";"TUJI";13731
" ";"2012"
" ";" ";"DRŽAVE - SKUPAJ";16350
" ";" ";"DOMAÈI";1048
" ";" ";"TUJI";15302
" ";"2013"
" ";" ";"DRŽAVE - SKUPAJ";17323
" ";" ";"DOMAÈI";1660
" ";" ";"TUJI";15663
" ";"2014"
" ";" ";"DRŽAVE - SKUPAJ";19365
" ";" ";"DOMAÈI";2082
" ";" ";"TUJI";17283
" ";"2015"
" ";" ";"DRŽAVE - SKUPAJ";21077
" ";" ";"DOMAÈI";1851
" ";" ";"TUJI";19226
"Idrija"
" ";"2011"
" ";" ";"DRŽAVE - SKUPAJ";10566
" ";" ";"DOMAÈI";7942
" ";" ";"TUJI";2624
" ";"2012"
" ";" ";"DRŽAVE - SKUPAJ";11859
" ";" ";"DOMAÈI";8580
" ";" ";"TUJI";3279
" ";"2013"
" ";" ";"DRŽAVE - SKUPAJ";12216
" ";" ";"DOMAÈI";8414
" ";" ";"TUJI";3802
" ";"2014"
" ";" ";"DRŽAVE - SKUPAJ";12885
" ";" ";"DOMAÈI";8085
" ";" ";"TUJI";4800
" ";"2015"
" ";" ";"DRŽAVE - SKUPAJ";14525
" ";" ";"DOMAÈI";9957
" ";" ";"TUJI";4568
"Ig"
" ";"2011"
" ";" ";"DRŽAVE - SKUPAJ";576
" ";" ";"DOMAÈI";245
" ";" ";"TUJI";331
" ";"2012"
" ";" ";"DRŽAVE - SKUPAJ";1057
" ";" ";"DOMAÈI";168
" ";" ";"TUJI";889
" ";"2013"
" ";" ";"DRŽAVE - SKUPAJ";1025
" ";" ";"DOMAÈI";196
" ";" ";"TUJI";829
" ";"2014"
" ";" ";"DRŽAVE - SKUPAJ";898
" ";" ";"DOMAÈI";116
" ";" ";"TUJI";782
" ";"2015"
" ";" ";"DRŽAVE - SKUPAJ";1021
" ";" ";"DOMAÈI";161
" ";" ";"TUJI";860
"Ilirska Bistrica"
" ";"2011"
" ";" ";"DRŽAVE - SKUPAJ";3128
" ";" ";"DOMAÈI";595
" ";" ";"TUJI";2533
" ";"2012"
" ";" ";"DRŽAVE - SKUPAJ";3755
" ";" ";"DOMAÈI";782
" ";" ";"TUJI";2973
" ";"2013"
" ";" ";"DRŽAVE - SKUPAJ";4387
" ";" ";"DOMAÈI";693
" ";" ";"TUJI";3694
" ";"2014"
" ";" ";"DRŽAVE - SKUPAJ";5108
" ";" ";"DOMAÈI";895
" ";" ";"TUJI";4213
" ";"2015"
" ";" ";"DRŽAVE - SKUPAJ";5121
" ";" ";"DOMAÈI";978
" ";" ";"TUJI";4143
"Ivanèna Gorica"
" ";"2011"
" ";" ";"DRŽAVE - SKUPAJ";2256
" ";" ";"DOMAÈI";319
" ";" ";"TUJI";1937
" ";"2012"
" ";" ";"DRŽAVE - SKUPAJ";2138
" ";" ";"DOMAÈI";325
" ";" ";"TUJI";1813
" ";"2013"
" ";" ";"DRŽAVE - SKUPAJ";2126
" ";" ";"DOMAÈI";422
" ";" ";"TUJI";1704
" ";"2014"
" ";" ";"DRŽAVE - SKUPAJ";1641
" ";" ";"DOMAÈI";309
" ";" ";"TUJI";1332
" ";"2015"
" ";" ";"DRŽAVE - SKUPAJ";1561
" ";" ";"DOMAÈI";373
" ";" ";"TUJI";1188
"Juršinci"
" ";"2011"
" ";" ";"DRŽAVE - SKUPAJ";z
" ";" ";"DOMAÈI";z
" ";" ";"TUJI";z
" ";"2012"
" ";" ";"DRŽAVE - SKUPAJ";z
" ";" ";"DOMAÈI";z
" ";" ";"TUJI";z
" ";"2013"
" ";" ";"DRŽAVE - SKUPAJ";z
" ";" ";"DOMAÈI";z
" ";" ";"TUJI";z
" ";"2014"
" ";" ";"DRŽAVE - SKUPAJ";z
" ";" ";"DOMAÈI";z
" ";" ";"TUJI";z
" ";"2015"
" ";" ";"DRŽAVE - SKUPAJ";z
" ";" ";"DOMAÈI";z
" ";" ";"TUJI";z
"Kanal"
" ";"2011"
" ";" ";"DRŽAVE - SKUPAJ";1729
" ";" ";"DOMAÈI";609
" ";" ";"TUJI";1120
" ";"2012"
" ";" ";"DRŽAVE - SKUPAJ";2640
" ";" ";"DOMAÈI";789
" ";" ";"TUJI";1851
" ";"2013"
" ";" ";"DRŽAVE - SKUPAJ";2123
" ";" ";"DOMAÈI";668
" ";" ";"TUJI";1455
" ";"2014"
" ";" ";"DRŽAVE - SKUPAJ";1402
" ";" ";"DOMAÈI";115
" ";" ";"TUJI";1287
" ";"2015"
" ";" ";"DRŽAVE - SKUPAJ";1524
" ";" ";"DOMAÈI";140
" ";" ";"TUJI";1384
"Kidrièevo"
" ";"2011"
" ";" ";"DRŽAVE - SKUPAJ";-
" ";" ";"DOMAÈI";-
" ";" ";"TUJI";-
" ";"2012"
" ";" ";"DRŽAVE - SKUPAJ";-
" ";" ";"DOMAÈI";-
" ";" ";"TUJI";-
" ";"2013"
" ";" ";"DRŽAVE - SKUPAJ";-
" ";" ";"DOMAÈI";-
" ";" ";"TUJI";-
" ";"2014"
" ";" ";"DRŽAVE - SKUPAJ";-
" ";" ";"DOMAÈI";-
" ";" ";"TUJI";-
" ";"2015"
" ";" ";"DRŽAVE - SKUPAJ";-
" ";" ";"DOMAÈI";-
" ";" ";"TUJI";-
"Kobilje"
" ";"2011"
" ";" ";"DRŽAVE - SKUPAJ";-
" ";" ";"DOMAÈI";-
" ";" ";"TUJI";-
" ";"2012"
" ";" ";"DRŽAVE - SKUPAJ";-
" ";" ";"DOMAÈI";-
" ";" ";"TUJI";-
" ";"2013"
" ";" ";"DRŽAVE - SKUPAJ";-
" ";" ";"DOMAÈI";-
" ";" ";"TUJI";-
" ";"2014"
" ";" ";"DRŽAVE - SKUPAJ";-
" ";" ";"DOMAÈI";-
" ";" ";"TUJI";-
" ";"2015"
" ";" ";"DRŽAVE - SKUPAJ";-
" ";" ";"DOMAÈI";-
" ";" ";"TUJI";-
"Koèevje"
" ";"2011"
" ";" ";"DRŽAVE - SKUPAJ";z
" ";" ";"DOMAÈI";z
" ";" ";"TUJI";z
" ";"2012"
" ";" ";"DRŽAVE - SKUPAJ";24213
" ";" ";"DOMAÈI";15698
" ";" ";"TUJI";8515
" ";"2013"
" ";" ";"DRŽAVE - SKUPAJ";20835
" ";" ";"DOMAÈI";15605
" ";" ";"TUJI";5230
" ";"2014"
" ";" ";"DRŽAVE - SKUPAJ";18496
" ";" ";"DOMAÈI";12629
" ";" ";"TUJI";5867
" ";"2015"
" ";" ";"DRŽAVE - SKUPAJ";19562
" ";" ";"DOMAÈI";13532
" ";" ";"TUJI";6030
"Komen"
" ";"2011"
" ";" ";"DRŽAVE - SKUPAJ";4439
" ";" ";"DOMAÈI";1375
" ";" ";"TUJI";3064
" ";"2012"
" ";" ";"DRŽAVE - SKUPAJ";4130
" ";" ";"DOMAÈI";1103
" ";" ";"TUJI";3027
" ";"2013"
" ";" ";"DRŽAVE - SKUPAJ";5435
" ";" ";"DOMAÈI";1141
" ";" ";"TUJI";4294
" ";"2014"
" ";" ";"DRŽAVE - SKUPAJ";4882
" ";" ";"DOMAÈI";952
" ";" ";"TUJI";3930
" ";"2015"
" ";" ";"DRŽAVE - SKUPAJ";4582
" ";" ";"DOMAÈI";972
" ";" ";"TUJI";3610
"Komenda"
" ";"2011"
" ";" ";"DRŽAVE - SKUPAJ";z
" ";" ";"DOMAÈI";z
" ";" ";"TUJI";z
" ";"2012"
" ";" ";"DRŽAVE - SKUPAJ";z
" ";" ";"DOMAÈI";z
" ";" ";"TUJI";z
" ";"2013"
" ";" ";"DRŽAVE - SKUPAJ";z
" ";" ";"DOMAÈI";z
" ";" ";"TUJI";z
" ";"2014"
" ";" ";"DRŽAVE - SKUPAJ";z
" ";" ";"DOMAÈI";z
" ";" ";"TUJI";z
" ";"2015"
" ";" ";"DRŽAVE - SKUPAJ";z
" ";" ";"DOMAÈI";z
" ";" ";"TUJI";z
"Kostanjevica na Krki"
" ";"2011"
" ";" ";"DRŽAVE - SKUPAJ";z
" ";" ";"DOMAÈI";z
" ";" ";"TUJI";z
" ";"2012"
" ";" ";"DRŽAVE - SKUPAJ";z
" ";" ";"DOMAÈI";z
" ";" ";"TUJI";z
" ";"2013"
" ";" ";"DRŽAVE - SKUPAJ";z
" ";" ";"DOMAÈI";z
" ";" ";"TUJI";z
" ";"2014"
" ";" ";"DRŽAVE - SKUPAJ";1079
" ";" ";"DOMAÈI";336
" ";" ";"TUJI";743
" ";"2015"
" ";" ";"DRŽAVE - SKUPAJ";1710
" ";" ";"DOMAÈI";402
" ";" ";"TUJI";1308
"Kostel"
" ";"2011"
" ";" ";"DRŽAVE - SKUPAJ";9254
" ";" ";"DOMAÈI";8704
" ";" ";"TUJI";550
" ";"2012"
" ";" ";"DRŽAVE - SKUPAJ";10105
" ";" ";"DOMAÈI";8966
" ";" ";"TUJI";1139
" ";"2013"
" ";" ";"DRŽAVE - SKUPAJ";9518
" ";" ";"DOMAÈI";7675
" ";" ";"TUJI";1843
" ";"2014"
" ";" ";"DRŽAVE - SKUPAJ";9499
" ";" ";"DOMAÈI";8707
" ";" ";"TUJI";792
" ";"2015"
" ";" ";"DRŽAVE - SKUPAJ";10091
" ";" ";"DOMAÈI";8895
" ";" ";"TUJI";1196
"Kozje"
" ";"2011"
" ";" ";"DRŽAVE - SKUPAJ";z
" ";" ";"DOMAÈI";z
" ";" ";"TUJI";z
" ";"2012"
" ";" ";"DRŽAVE - SKUPAJ";z
" ";" ";"DOMAÈI";z
" ";" ";"TUJI";z
" ";"2013"
" ";" ";"DRŽAVE - SKUPAJ";-
" ";" ";"DOMAÈI";-
" ";" ";"TUJI";-
" ";"2014"
" ";" ";"DRŽAVE - SKUPAJ";z
" ";" ";"DOMAÈI";z
" ";" ";"TUJI";z
" ";"2015"
" ";" ";"DRŽAVE - SKUPAJ";-
" ";" ";"DOMAÈI";-
" ";" ";"TUJI";-
"Križevci"
" ";"2011"
" ";" ";"DRŽAVE - SKUPAJ";z
" ";" ";"DOMAÈI";z
" ";" ";"TUJI";z
" ";"2012"
" ";" ";"DRŽAVE - SKUPAJ";z
" ";" ";"DOMAÈI";z
" ";" ";"TUJI";z
" ";"2013"
" ";" ";"DRŽAVE - SKUPAJ";z
" ";" ";"DOMAÈI";z
" ";" ";"TUJI";z
" ";"2014"
" ";" ";"DRŽAVE - SKUPAJ";z
" ";" ";"DOMAÈI";z
" ";" ";"TUJI";z
" ";"2015"
" ";" ";"DRŽAVE - SKUPAJ";-
" ";" ";"DOMAÈI";-
" ";" ";"TUJI";-
"Krško"
" ";"2011"
" ";" ";"DRŽAVE - SKUPAJ";17581
" ";" ";"DOMAÈI";7401
" ";" ";"TUJI";10180
" ";"2012"
" ";" ";"DRŽAVE - SKUPAJ";18121
" ";" ";"DOMAÈI";6788
" ";" ";"TUJI";11333
" ";"2013"
" ";" ";"DRŽAVE - SKUPAJ";12907
" ";" ";"DOMAÈI";5456
" ";" ";"TUJI";7451
" ";"2014"
" ";" ";"DRŽAVE - SKUPAJ";11359
" ";" ";"DOMAÈI";4924
" ";" ";"TUJI";6435
" ";"2015"
" ";" ";"DRŽAVE - SKUPAJ";10184
" ";" ";"DOMAÈI";2520
" ";" ";"TUJI";7664
"Kungota"
" ";"2011"
" ";" ";"DRŽAVE - SKUPAJ";958
" ";" ";"DOMAÈI";106
" ";" ";"TUJI";852
" ";"2012"
" ";" ";"DRŽAVE - SKUPAJ";828
" ";" ";"DOMAÈI";53
" ";" ";"TUJI";775
" ";"2013"
" ";" ";"DRŽAVE - SKUPAJ";1335
" ";" ";"DOMAÈI";88
" ";" ";"TUJI";1247
" ";"2014"
" ";" ";"DRŽAVE - SKUPAJ";757
" ";" ";"DOMAÈI";35
" ";" ";"TUJI";722
" ";"2015"
" ";" ";"DRŽAVE - SKUPAJ";567
" ";" ";"DOMAÈI";35
" ";" ";"TUJI";532
"Kuzma"
" ";"2011"
" ";" ";"DRŽAVE - SKUPAJ";z
" ";" ";"DOMAÈI";z
" ";" ";"TUJI";z
" ";"2012"
" ";" ";"DRŽAVE - SKUPAJ";z
" ";" ";"DOMAÈI";z
" ";" ";"TUJI";z
" ";"2013"
" ";" ";"DRŽAVE - SKUPAJ";z
" ";" ";"DOMAÈI";z
" ";" ";"TUJI";z
" ";"2014"
" ";" ";"DRŽAVE - SKUPAJ";z
" ";" ";"DOMAÈI";z
" ";" ";"TUJI";z
" ";"2015"
" ";" ";"DRŽAVE - SKUPAJ";z
" ";" ";"DOMAÈI";z
" ";" ";"TUJI";z
"Lenart"
" ";"2011"
" ";" ";"DRŽAVE - SKUPAJ";-
" ";" ";"DOMAÈI";-
" ";" ";"TUJI";-
" ";"2012"
" ";" ";"DRŽAVE - SKUPAJ";z
" ";" ";"DOMAÈI";z
" ";" ";"TUJI";z
" ";"2013"
" ";" ";"DRŽAVE - SKUPAJ";z
" ";" ";"DOMAÈI";z
" ";" ";"TUJI";z
" ";"2014"
" ";" ";"DRŽAVE - SKUPAJ";z
" ";" ";"DOMAÈI";z
" ";" ";"TUJI";z
" ";"2015"
" ";" ";"DRŽAVE - SKUPAJ";z
" ";" ";"DOMAÈI";z
" ";" ";"TUJI";z
"Litija"
" ";"2011"
" ";" ";"DRŽAVE - SKUPAJ";945
" ";" ";"DOMAÈI";560
" ";" ";"TUJI";385
" ";"2012"
" ";" ";"DRŽAVE - SKUPAJ";z
" ";" ";"DOMAÈI";z
" ";" ";"TUJI";z
" ";"2013"
" ";" ";"DRŽAVE - SKUPAJ";z
" ";" ";"DOMAÈI";z
" ";" ";"TUJI";z
" ";"2014"
" ";" ";"DRŽAVE - SKUPAJ";z
" ";" ";"DOMAÈI";z
" ";" ";"TUJI";z
" ";"2015"
" ";" ";"DRŽAVE - SKUPAJ";z
" ";" ";"DOMAÈI";z
" ";" ";"TUJI";z
"Ljutomer"
" ";"2011"
" ";" ";"DRŽAVE - SKUPAJ";40159
" ";" ";"DOMAÈI";34279
" ";" ";"TUJI";5880
" ";"2012"
" ";" ";"DRŽAVE - SKUPAJ";35717
" ";" ";"DOMAÈI";29548
" ";" ";"TUJI";6169
" ";"2013"
" ";" ";"DRŽAVE - SKUPAJ";36094
" ";" ";"DOMAÈI";30729
" ";" ";"TUJI";5365
" ";"2014"
" ";" ";"DRŽAVE - SKUPAJ";38358
" ";" ";"DOMAÈI";32785
" ";" ";"TUJI";5573
" ";"2015"
" ";" ";"DRŽAVE - SKUPAJ";40123
" ";" ";"DOMAÈI";33607
" ";" ";"TUJI";6516
"Log - Dragomer"
" ";"2011"
" ";" ";"DRŽAVE - SKUPAJ";z
" ";" ";"DOMAÈI";z
" ";" ";"TUJI";-
" ";"2012"
" ";" ";"DRŽAVE - SKUPAJ";z
" ";" ";"DOMAÈI";z
" ";" ";"TUJI";z
" ";"2013"
" ";" ";"DRŽAVE - SKUPAJ";z
" ";" ";"DOMAÈI";z
" ";" ";"TUJI";z
" ";"2014"
" ";" ";"DRŽAVE - SKUPAJ";-
" ";" ";"DOMAÈI";-
" ";" ";"TUJI";-
" ";"2015"
" ";" ";"DRŽAVE - SKUPAJ";-
" ";" ";"DOMAÈI";-
" ";" ";"TUJI";-
"Logatec"
" ";"2011"
" ";" ";"DRŽAVE - SKUPAJ";13234
" ";" ";"DOMAÈI";8619
" ";" ";"TUJI";4615
" ";"2012"
" ";" ";"DRŽAVE - SKUPAJ";14063
" ";" ";"DOMAÈI";8949
" ";" ";"TUJI";5114
" ";"2013"
" ";" ";"DRŽAVE - SKUPAJ";13164
" ";" ";"DOMAÈI";9146
" ";" ";"TUJI";4018
" ";"2014"
" ";" ";"DRŽAVE - SKUPAJ";11695
" ";" ";"DOMAÈI";8310
" ";" ";"TUJI";3385
" ";"2015"
" ";" ";"DRŽAVE - SKUPAJ";13415
" ";" ";"DOMAÈI";9512
" ";" ";"TUJI";3903
"Loška dolina"
" ";"2011"
" ";" ";"DRŽAVE - SKUPAJ";z
" ";" ";"DOMAÈI";z
" ";" ";"TUJI";z
" ";"2012"
" ";" ";"DRŽAVE - SKUPAJ";305
" ";" ";"DOMAÈI";69
" ";" ";"TUJI";236
" ";"2013"
" ";" ";"DRŽAVE - SKUPAJ";330
" ";" ";"DOMAÈI";52
" ";" ";"TUJI";278
" ";"2014"
" ";" ";"DRŽAVE - SKUPAJ";672
" ";" ";"DOMAÈI";45
" ";" ";"TUJI";627
" ";"2015"
" ";" ";"DRŽAVE - SKUPAJ";1112
" ";" ";"DOMAÈI";146
" ";" ";"TUJI";966
"Loški Potok"
" ";"2011"
" ";" ";"DRŽAVE - SKUPAJ";-
" ";" ";"DOMAÈI";-
" ";" ";"TUJI";-
" ";"2012"
" ";" ";"DRŽAVE - SKUPAJ";-
" ";" ";"DOMAÈI";-
" ";" ";"TUJI";-
" ";"2013"
" ";" ";"DRŽAVE - SKUPAJ";-
" ";" ";"DOMAÈI";-
" ";" ";"TUJI";-
" ";"2014"
" ";" ";"DRŽAVE - SKUPAJ";-
" ";" ";"DOMAÈI";-
" ";" ";"TUJI";-
" ";"2015"
" ";" ";"DRŽAVE - SKUPAJ";z
" ";" ";"DOMAÈI";z
" ";" ";"TUJI";z
"Lukovica"
" ";"2011"
" ";" ";"DRŽAVE - SKUPAJ";z
" ";" ";"DOMAÈI";z
" ";" ";"TUJI";z
" ";"2012"
" ";" ";"DRŽAVE - SKUPAJ";z
" ";" ";"DOMAÈI";z
" ";" ";"TUJI";z
" ";"2013"
" ";" ";"DRŽAVE - SKUPAJ";z
" ";" ";"DOMAÈI";z
" ";" ";"TUJI";z
" ";"2014"
" ";" ";"DRŽAVE - SKUPAJ";z
" ";" ";"DOMAÈI";z
" ";" ";"TUJI";z
" ";"2015"
" ";" ";"DRŽAVE - SKUPAJ";z
" ";" ";"DOMAÈI";z
" ";" ";"TUJI";z
"Majšperk"
" ";"2011"
" ";" ";"DRŽAVE - SKUPAJ";-
" ";" ";"DOMAÈI";-
" ";" ";"TUJI";-
" ";"2012"
" ";" ";"DRŽAVE - SKUPAJ";z
" ";" ";"DOMAÈI";z
" ";" ";"TUJI";z
" ";"2013"
" ";" ";"DRŽAVE - SKUPAJ";z
" ";" ";"DOMAÈI";z
" ";" ";"TUJI";z
" ";"2014"
" ";" ";"DRŽAVE - SKUPAJ";z
" ";" ";"DOMAÈI";z
" ";" ";"TUJI";z
" ";"2015"
" ";" ";"DRŽAVE - SKUPAJ";z
" ";" ";"DOMAÈI";z
" ";" ";"TUJI";z
"Makole"
" ";"2011"
" ";" ";"DRŽAVE - SKUPAJ";-
" ";" ";"DOMAÈI";-
" ";" ";"TUJI";-
" ";"2012"
" ";" ";"DRŽAVE - SKUPAJ";-
" ";" ";"DOMAÈI";-
" ";" ";"TUJI";-
" ";"2013"
" ";" ";"DRŽAVE - SKUPAJ";-
" ";" ";"DOMAÈI";-
" ";" ";"TUJI";-
" ";"2014"
" ";" ";"DRŽAVE - SKUPAJ";z
" ";" ";"DOMAÈI";z
" ";" ";"TUJI";z
" ";"2015"
" ";" ";"DRŽAVE - SKUPAJ";z
" ";" ";"DOMAÈI";z
" ";" ";"TUJI";z
"Markovci"
" ";"2011"
" ";" ";"DRŽAVE - SKUPAJ";-
" ";" ";"DOMAÈI";-
" ";" ";"TUJI";-
" ";"2012"
" ";" ";"DRŽAVE - SKUPAJ";-
" ";" ";"DOMAÈI";-
" ";" ";"TUJI";-
" ";"2013"
" ";" ";"DRŽAVE - SKUPAJ";-
" ";" ";"DOMAÈI";-
" ";" ";"TUJI";-
" ";"2014"
" ";" ";"DRŽAVE - SKUPAJ";-
" ";" ";"DOMAÈI";-
" ";" ";"TUJI";-
" ";"2015"
" ";" ";"DRŽAVE - SKUPAJ";-
" ";" ";"DOMAÈI";-
" ";" ";"TUJI";-
"Medvode"
" ";"2011"
" ";" ";"DRŽAVE - SKUPAJ";13178
" ";" ";"DOMAÈI";459
" ";" ";"TUJI";12719
" ";"2012"
" ";" ";"DRŽAVE - SKUPAJ";13854
" ";" ";"DOMAÈI";724
" ";" ";"TUJI";13130
" ";"2013"
" ";" ";"DRŽAVE - SKUPAJ";20527
" ";" ";"DOMAÈI";2811
" ";" ";"TUJI";17716
" ";"2014"
" ";" ";"DRŽAVE - SKUPAJ";15564
" ";" ";"DOMAÈI";1729
" ";" ";"TUJI";13835
" ";"2015"
" ";" ";"DRŽAVE - SKUPAJ";13478
" ";" ";"DOMAÈI";1112
" ";" ";"TUJI";12366
"Mengeš"
" ";"2011"
" ";" ";"DRŽAVE - SKUPAJ";z
" ";" ";"DOMAÈI";z
" ";" ";"TUJI";z
" ";"2012"
" ";" ";"DRŽAVE - SKUPAJ";z
" ";" ";"DOMAÈI";z
" ";" ";"TUJI";z
" ";"2013"
" ";" ";"DRŽAVE - SKUPAJ";z
" ";" ";"DOMAÈI";z
" ";" ";"TUJI";z
" ";"2014"
" ";" ";"DRŽAVE - SKUPAJ";z
" ";" ";"DOMAÈI";z
" ";" ";"TUJI";z
" ";"2015"
" ";" ";"DRŽAVE - SKUPAJ";z
" ";" ";"DOMAÈI";z
" ";" ";"TUJI";z
"Metlika"
" ";"2011"
" ";" ";"DRŽAVE - SKUPAJ";15907
" ";" ";"DOMAÈI";12594
" ";" ";"TUJI";3313
" ";"2012"
" ";" ";"DRŽAVE - SKUPAJ";12998
" ";" ";"DOMAÈI";10142
" ";" ";"TUJI";2856
" ";"2013"
" ";" ";"DRŽAVE - SKUPAJ";16201
" ";" ";"DOMAÈI";13351
" ";" ";"TUJI";2850
" ";"2014"
" ";" ";"DRŽAVE - SKUPAJ";15081
" ";" ";"DOMAÈI";11502
" ";" ";"TUJI";3579
" ";"2015"
" ";" ";"DRŽAVE - SKUPAJ";24447
" ";" ";"DOMAÈI";18037
" ";" ";"TUJI";6410
"Miklavž na Dravskem polju"
" ";"2011"
" ";" ";"DRŽAVE - SKUPAJ";z
" ";" ";"DOMAÈI";z
" ";" ";"TUJI";z
" ";"2012"
" ";" ";"DRŽAVE - SKUPAJ";z
" ";" ";"DOMAÈI";z
" ";" ";"TUJI";z
" ";"2013"
" ";" ";"DRŽAVE - SKUPAJ";z
" ";" ";"DOMAÈI";z
" ";" ";"TUJI";z
" ";"2014"
" ";" ";"DRŽAVE - SKUPAJ";z
" ";" ";"DOMAÈI";z
" ";" ";"TUJI";z
" ";"2015"
" ";" ";"DRŽAVE - SKUPAJ";z
" ";" ";"DOMAÈI";z
" ";" ";"TUJI";z
"Miren - Kostanjevica"
" ";"2011"
" ";" ";"DRŽAVE - SKUPAJ";2687
" ";" ";"DOMAÈI";597
" ";" ";"TUJI";2090
" ";"2012"
" ";" ";"DRŽAVE - SKUPAJ";2324
" ";" ";"DOMAÈI";302
" ";" ";"TUJI";2022
" ";"2013"
" ";" ";"DRŽAVE - SKUPAJ";1607
" ";" ";"DOMAÈI";259
" ";" ";"TUJI";1348
" ";"2014"
" ";" ";"DRŽAVE - SKUPAJ";1467
" ";" ";"DOMAÈI";346
" ";" ";"TUJI";1121
" ";"2015"
" ";" ";"DRŽAVE - SKUPAJ";1248
" ";" ";"DOMAÈI";344
" ";" ";"TUJI";904
"Mirna"
" ";"2011"
" ";" ";"DRŽAVE - SKUPAJ";-
" ";" ";"DOMAÈI";-
" ";" ";"TUJI";-
" ";"2012"
" ";" ";"DRŽAVE - SKUPAJ";z
" ";" ";"DOMAÈI";z
" ";" ";"TUJI";z
" ";"2013"
" ";" ";"DRŽAVE - SKUPAJ";z
" ";" ";"DOMAÈI";z
" ";" ";"TUJI";z
" ";"2014"
" ";" ";"DRŽAVE - SKUPAJ";z
" ";" ";"DOMAÈI";z
" ";" ";"TUJI";z
" ";"2015"
" ";" ";"DRŽAVE - SKUPAJ";z
" ";" ";"DOMAÈI";z
" ";" ";"TUJI";z
"Mirna Peè"
" ";"2011"
" ";" ";"DRŽAVE - SKUPAJ";-
" ";" ";"DOMAÈI";-
" ";" ";"TUJI";-
" ";"2012"
" ";" ";"DRŽAVE - SKUPAJ";-
" ";" ";"DOMAÈI";-
" ";" ";"TUJI";-
" ";"2013"
" ";" ";"DRŽAVE - SKUPAJ";-
" ";" ";"DOMAÈI";-
" ";" ";"TUJI";-
" ";"2014"
" ";" ";"DRŽAVE - SKUPAJ";-
" ";" ";"DOMAÈI";-
" ";" ";"TUJI";-
" ";"2015"
" ";" ";"DRŽAVE - SKUPAJ";z
" ";" ";"DOMAÈI";z
" ";" ";"TUJI";z
"Mokronog - Trebelno"
" ";"2011"
" ";" ";"DRŽAVE - SKUPAJ";z
" ";" ";"DOMAÈI";z
" ";" ";"TUJI";z
" ";"2012"
" ";" ";"DRŽAVE - SKUPAJ";z
" ";" ";"DOMAÈI";z
" ";" ";"TUJI";z
" ";"2013"
" ";" ";"DRŽAVE - SKUPAJ";z
" ";" ";"DOMAÈI";z
" ";" ";"TUJI";z
" ";"2014"
" ";" ";"DRŽAVE - SKUPAJ";z
" ";" ";"DOMAÈI";z
" ";" ";"TUJI";z
" ";"2015"
" ";" ";"DRŽAVE - SKUPAJ";z
" ";" ";"DOMAÈI";z
" ";" ";"TUJI";z
"Moravèe"
" ";"2011"
" ";" ";"DRŽAVE - SKUPAJ";-
" ";" ";"DOMAÈI";-
" ";" ";"TUJI";-
" ";"2012"
" ";" ";"DRŽAVE - SKUPAJ";-
" ";" ";"DOMAÈI";-
" ";" ";"TUJI";-
" ";"2013"
" ";" ";"DRŽAVE - SKUPAJ";-
" ";" ";"DOMAÈI";-
" ";" ";"TUJI";-
" ";"2014"
" ";" ";"DRŽAVE - SKUPAJ";z
" ";" ";"DOMAÈI";z
" ";" ";"TUJI";z
" ";"2015"
" ";" ";"DRŽAVE - SKUPAJ";z
" ";" ";"DOMAÈI";z
" ";" ";"TUJI";z
"Muta"
" ";"2011"
" ";" ";"DRŽAVE - SKUPAJ";z
" ";" ";"DOMAÈI";z
" ";" ";"TUJI";z
" ";"2012"
" ";" ";"DRŽAVE - SKUPAJ";z
" ";" ";"DOMAÈI";z
" ";" ";"TUJI";z
" ";"2013"
" ";" ";"DRŽAVE - SKUPAJ";z
" ";" ";"DOMAÈI";z
" ";" ";"TUJI";z
" ";"2014"
" ";" ";"DRŽAVE - SKUPAJ";z
" ";" ";"DOMAÈI";z
" ";" ";"TUJI";z
" ";"2015"
" ";" ";"DRŽAVE - SKUPAJ";272
" ";" ";"DOMAÈI";154
" ";" ";"TUJI";118
"Naklo"
" ";"2011"
" ";" ";"DRŽAVE - SKUPAJ";17211
" ";" ";"DOMAÈI";1879
" ";" ";"TUJI";15332
" ";"2012"
" ";" ";"DRŽAVE - SKUPAJ";16730
" ";" ";"DOMAÈI";1374
" ";" ";"TUJI";15356
" ";"2013"
" ";" ";"DRŽAVE - SKUPAJ";19236
" ";" ";"DOMAÈI";1829
" ";" ";"TUJI";17407
" ";"2014"
" ";" ";"DRŽAVE - SKUPAJ";17715
" ";" ";"DOMAÈI";1853
" ";" ";"TUJI";15862
" ";"2015"
" ";" ";"DRŽAVE - SKUPAJ";18945
" ";" ";"DOMAÈI";2053
" ";" ";"TUJI";16892
"Odranci"
" ";"2011"
" ";" ";"DRŽAVE - SKUPAJ";-
" ";" ";"DOMAÈI";-
" ";" ";"TUJI";-
" ";"2012"
" ";" ";"DRŽAVE - SKUPAJ";-
" ";" ";"DOMAÈI";-
" ";" ";"TUJI";-
" ";"2013"
" ";" ";"DRŽAVE - SKUPAJ";-
" ";" ";"DOMAÈI";-
" ";" ";"TUJI";-
" ";"2014"
" ";" ";"DRŽAVE - SKUPAJ";-
" ";" ";"DOMAÈI";-
" ";" ";"TUJI";-
" ";"2015"
" ";" ";"DRŽAVE - SKUPAJ";z
" ";" ";"DOMAÈI";z
" ";" ";"TUJI";z
"Oplotnica"
" ";"2011"
" ";" ";"DRŽAVE - SKUPAJ";z
" ";" ";"DOMAÈI";z
" ";" ";"TUJI";z
" ";"2012"
" ";" ";"DRŽAVE - SKUPAJ";z
" ";" ";"DOMAÈI";z
" ";" ";"TUJI";z
" ";"2013"
" ";" ";"DRŽAVE - SKUPAJ";z
" ";" ";"DOMAÈI";z
" ";" ";"TUJI";z
" ";"2014"
" ";" ";"DRŽAVE - SKUPAJ";z
" ";" ";"DOMAÈI";z
" ";" ";"TUJI";z
" ";"2015"
" ";" ";"DRŽAVE - SKUPAJ";z
" ";" ";"DOMAÈI";z
" ";" ";"TUJI";z
"Ormož"
" ";"2011"
" ";" ";"DRŽAVE - SKUPAJ";10964
" ";" ";"DOMAÈI";8230
" ";" ";"TUJI";2734
" ";"2012"
" ";" ";"DRŽAVE - SKUPAJ";4579
" ";" ";"DOMAÈI";2225
" ";" ";"TUJI";2354
" ";"2013"
" ";" ";"DRŽAVE - SKUPAJ";4221
" ";" ";"DOMAÈI";1740
" ";" ";"TUJI";2481
" ";"2014"
" ";" ";"DRŽAVE - SKUPAJ";4160
" ";" ";"DOMAÈI";1692
" ";" ";"TUJI";2468
" ";"2015"
" ";" ";"DRŽAVE - SKUPAJ";4672
" ";" ";"DOMAÈI";1645
" ";" ";"TUJI";3027
"Osilnica"
" ";"2011"
" ";" ";"DRŽAVE - SKUPAJ";z
" ";" ";"DOMAÈI";z
" ";" ";"TUJI";z
" ";"2012"
" ";" ";"DRŽAVE - SKUPAJ";z
" ";" ";"DOMAÈI";z
" ";" ";"TUJI";z
" ";"2013"
" ";" ";"DRŽAVE - SKUPAJ";z
" ";" ";"DOMAÈI";z
" ";" ";"TUJI";z
" ";"2014"
" ";" ";"DRŽAVE - SKUPAJ";z
" ";" ";"DOMAÈI";z
" ";" ";"TUJI";z
" ";"2015"
" ";" ";"DRŽAVE - SKUPAJ";z
" ";" ";"DOMAÈI";z
" ";" ";"TUJI";z
"Pesnica"
" ";"2011"
" ";" ";"DRŽAVE - SKUPAJ";823
" ";" ";"DOMAÈI";233
" ";" ";"TUJI";590
" ";"2012"
" ";" ";"DRŽAVE - SKUPAJ";1063
" ";" ";"DOMAÈI";306
" ";" ";"TUJI";757
" ";"2013"
" ";" ";"DRŽAVE - SKUPAJ";889
" ";" ";"DOMAÈI";328
" ";" ";"TUJI";561
" ";"2014"
" ";" ";"DRŽAVE - SKUPAJ";1221
" ";" ";"DOMAÈI";521
" ";" ";"TUJI";700
" ";"2015"
" ";" ";"DRŽAVE - SKUPAJ";1328
" ";" ";"DOMAÈI";336
" ";" ";"TUJI";992
"Pivka"
" ";"2011"
" ";" ";"DRŽAVE - SKUPAJ";984
" ";" ";"DOMAÈI";188
" ";" ";"TUJI";796
" ";"2012"
" ";" ";"DRŽAVE - SKUPAJ";1970
" ";" ";"DOMAÈI";336
" ";" ";"TUJI";1634
" ";"2013"
" ";" ";"DRŽAVE - SKUPAJ";2430
" ";" ";"DOMAÈI";101
" ";" ";"TUJI";2329
" ";"2014"
" ";" ";"DRŽAVE - SKUPAJ";2372
" ";" ";"DOMAÈI";143
" ";" ";"TUJI";2229
" ";"2015"
" ";" ";"DRŽAVE - SKUPAJ";2964
" ";" ";"DOMAÈI";482
" ";" ";"TUJI";2482
"Podlehnik"
" ";"2011"
" ";" ";"DRŽAVE - SKUPAJ";z
" ";" ";"DOMAÈI";z
" ";" ";"TUJI";z
" ";"2012"
" ";" ";"DRŽAVE - SKUPAJ";z
" ";" ";"DOMAÈI";z
" ";" ";"TUJI";z
" ";"2013"
" ";" ";"DRŽAVE - SKUPAJ";z
" ";" ";"DOMAÈI";z
" ";" ";"TUJI";z
" ";"2014"
" ";" ";"DRŽAVE - SKUPAJ";z
" ";" ";"DOMAÈI";z
" ";" ";"TUJI";z
" ";"2015"
" ";" ";"DRŽAVE - SKUPAJ";z
" ";" ";"DOMAÈI";z
" ";" ";"TUJI";z
"Podvelka"
" ";"2011"
" ";" ";"DRŽAVE - SKUPAJ";-
" ";" ";"DOMAÈI";-
" ";" ";"TUJI";-
" ";"2012"
" ";" ";"DRŽAVE - SKUPAJ";-
" ";" ";"DOMAÈI";-
" ";" ";"TUJI";-
" ";"2013"
" ";" ";"DRŽAVE - SKUPAJ";-
" ";" ";"DOMAÈI";-
" ";" ";"TUJI";-
" ";"2014"
" ";" ";"DRŽAVE - SKUPAJ";z
" ";" ";"DOMAÈI";z
" ";" ";"TUJI";z
" ";"2015"
" ";" ";"DRŽAVE - SKUPAJ";z
" ";" ";"DOMAÈI";z
" ";" ";"TUJI";z
"Poljèane"
" ";"2011"
" ";" ";"DRŽAVE - SKUPAJ";z
" ";" ";"DOMAÈI";z
" ";" ";"TUJI";z
" ";"2012"
" ";" ";"DRŽAVE - SKUPAJ";z
" ";" ";"DOMAÈI";z
" ";" ";"TUJI";z
" ";"2013"
" ";" ";"DRŽAVE - SKUPAJ";z
" ";" ";"DOMAÈI";z
" ";" ";"TUJI";z
" ";"2014"
" ";" ";"DRŽAVE - SKUPAJ";z
" ";" ";"DOMAÈI";z
" ";" ";"TUJI";z
" ";"2015"
" ";" ";"DRŽAVE - SKUPAJ";z
" ";" ";"DOMAÈI";z
" ";" ";"TUJI";z
"Polzela"
" ";"2011"
" ";" ";"DRŽAVE - SKUPAJ";-
" ";" ";"DOMAÈI";-
" ";" ";"TUJI";-
" ";"2012"
" ";" ";"DRŽAVE - SKUPAJ";z
" ";" ";"DOMAÈI";z
" ";" ";"TUJI";z
" ";"2013"
" ";" ";"DRŽAVE - SKUPAJ";z
" ";" ";"DOMAÈI";z
" ";" ";"TUJI";z
" ";"2014"
" ";" ";"DRŽAVE - SKUPAJ";z
" ";" ";"DOMAÈI";z
" ";" ";"TUJI";z
" ";"2015"
" ";" ";"DRŽAVE - SKUPAJ";z
" ";" ";"DOMAÈI";z
" ";" ";"TUJI";z
"Postojna"
" ";"2011"
" ";" ";"DRŽAVE - SKUPAJ";46043
" ";" ";"DOMAÈI";3495
" ";" ";"TUJI";42548
" ";"2012"
" ";" ";"DRŽAVE - SKUPAJ";46842
" ";" ";"DOMAÈI";4914
" ";" ";"TUJI";41928
" ";"2013"
" ";" ";"DRŽAVE - SKUPAJ";44396
" ";" ";"DOMAÈI";4069
" ";" ";"TUJI";40327
" ";"2014"
" ";" ";"DRŽAVE - SKUPAJ";56134
" ";" ";"DOMAÈI";4118
" ";" ";"TUJI";52016
" ";"2015"
" ";" ";"DRŽAVE - SKUPAJ";65148
" ";" ";"DOMAÈI";3992
" ";" ";"TUJI";61156
"Prebold"
" ";"2011"
" ";" ";"DRŽAVE - SKUPAJ";4106
" ";" ";"DOMAÈI";450
" ";" ";"TUJI";3656
" ";"2012"
" ";" ";"DRŽAVE - SKUPAJ";z
" ";" ";"DOMAÈI";z
" ";" ";"TUJI";z
" ";"2013"
" ";" ";"DRŽAVE - SKUPAJ";2934
" ";" ";"DOMAÈI";411
" ";" ";"TUJI";2523
" ";"2014"
" ";" ";"DRŽAVE - SKUPAJ";3092
" ";" ";"DOMAÈI";682
" ";" ";"TUJI";2410
" ";"2015"
" ";" ";"DRŽAVE - SKUPAJ";2359
" ";" ";"DOMAÈI";284
" ";" ";"TUJI";2075
"Puconci"
" ";"2011"
" ";" ";"DRŽAVE - SKUPAJ";729
" ";" ";"DOMAÈI";274
" ";" ";"TUJI";455
" ";"2012"
" ";" ";"DRŽAVE - SKUPAJ";907
" ";" ";"DOMAÈI";385
" ";" ";"TUJI";522
" ";"2013"
" ";" ";"DRŽAVE - SKUPAJ";916
" ";" ";"DOMAÈI";396
" ";" ";"TUJI";520
" ";"2014"
" ";" ";"DRŽAVE - SKUPAJ";980
" ";" ";"DOMAÈI";422
" ";" ";"TUJI";558
" ";"2015"
" ";" ";"DRŽAVE - SKUPAJ";1089
" ";" ";"DOMAÈI";488
" ";" ";"TUJI";601
"Raèe - Fram"
" ";"2011"
" ";" ";"DRŽAVE - SKUPAJ";z
" ";" ";"DOMAÈI";z
" ";" ";"TUJI";z
" ";"2012"
" ";" ";"DRŽAVE - SKUPAJ";z
" ";" ";"DOMAÈI";z
" ";" ";"TUJI";z
" ";"2013"
" ";" ";"DRŽAVE - SKUPAJ";z
" ";" ";"DOMAÈI";z
" ";" ";"TUJI";z
" ";"2014"
" ";" ";"DRŽAVE - SKUPAJ";z
" ";" ";"DOMAÈI";z
" ";" ";"TUJI";z
" ";"2015"
" ";" ";"DRŽAVE - SKUPAJ";z
" ";" ";"DOMAÈI";z
" ";" ";"TUJI";z
"Radeèe"
" ";"2011"
" ";" ";"DRŽAVE - SKUPAJ";z
" ";" ";"DOMAÈI";z
" ";" ";"TUJI";z
" ";"2012"
" ";" ";"DRŽAVE - SKUPAJ";z
" ";" ";"DOMAÈI";z
" ";" ";"TUJI";z
" ";"2013"
" ";" ";"DRŽAVE - SKUPAJ";z
" ";" ";"DOMAÈI";z
" ";" ";"TUJI";z
" ";"2014"
" ";" ";"DRŽAVE - SKUPAJ";z
" ";" ";"DOMAÈI";z
" ";" ";"TUJI";z
" ";"2015"
" ";" ";"DRŽAVE - SKUPAJ";z
" ";" ";"DOMAÈI";z
" ";" ";"TUJI";z
"Radlje ob Dravi"
" ";"2011"
" ";" ";"DRŽAVE - SKUPAJ";z
" ";" ";"DOMAÈI";z
" ";" ";"TUJI";z
" ";"2012"
" ";" ";"DRŽAVE - SKUPAJ";1086
" ";" ";"DOMAÈI";580
" ";" ";"TUJI";506
" ";"2013"
" ";" ";"DRŽAVE - SKUPAJ";z
" ";" ";"DOMAÈI";z
" ";" ";"TUJI";z
" ";"2014"
" ";" ";"DRŽAVE - SKUPAJ";z
" ";" ";"DOMAÈI";z
" ";" ";"TUJI";z
" ";"2015"
" ";" ";"DRŽAVE - SKUPAJ";z
" ";" ";"DOMAÈI";z
" ";" ";"TUJI";z
"Razkrižje"
" ";"2011"
" ";" ";"DRŽAVE - SKUPAJ";z
" ";" ";"DOMAÈI";z
" ";" ";"TUJI";z
" ";"2012"
" ";" ";"DRŽAVE - SKUPAJ";-
" ";" ";"DOMAÈI";-
" ";" ";"TUJI";-
" ";"2013"
" ";" ";"DRŽAVE - SKUPAJ";z
" ";" ";"DOMAÈI";z
" ";" ";"TUJI";z
" ";"2014"
" ";" ";"DRŽAVE - SKUPAJ";z
" ";" ";"DOMAÈI";z
" ";" ";"TUJI";z
" ";"2015"
" ";" ";"DRŽAVE - SKUPAJ";z
" ";" ";"DOMAÈI";z
" ";" ";"TUJI";z
"Reèica ob Savinji"
" ";"2011"
" ";" ";"DRŽAVE - SKUPAJ";z
" ";" ";"DOMAÈI";z
" ";" ";"TUJI";z
" ";"2012"
" ";" ";"DRŽAVE - SKUPAJ";z
" ";" ";"DOMAÈI";z
" ";" ";"TUJI";z
" ";"2013"
" ";" ";"DRŽAVE - SKUPAJ";z
" ";" ";"DOMAÈI";z
" ";" ";"TUJI";z
" ";"2014"
" ";" ";"DRŽAVE - SKUPAJ";z
" ";" ";"DOMAÈI";z
" ";" ";"TUJI";z
" ";"2015"
" ";" ";"DRŽAVE - SKUPAJ";z
" ";" ";"DOMAÈI";z
" ";" ";"TUJI";z
"Renèe - Vogrsko"
" ";"2011"
" ";" ";"DRŽAVE - SKUPAJ";z
" ";" ";"DOMAÈI";z
" ";" ";"TUJI";z
" ";"2012"
" ";" ";"DRŽAVE - SKUPAJ";z
" ";" ";"DOMAÈI";z
" ";" ";"TUJI";z
" ";"2013"
" ";" ";"DRŽAVE - SKUPAJ";z
" ";" ";"DOMAÈI";z
" ";" ";"TUJI";z
" ";"2014"
" ";" ";"DRŽAVE - SKUPAJ";z
" ";" ";"DOMAÈI";z
" ";" ";"TUJI";z
" ";"2015"
" ";" ";"DRŽAVE - SKUPAJ";11911
" ";" ";"DOMAÈI";2237
" ";" ";"TUJI";9674
"Ribnica"
" ";"2011"
" ";" ";"DRŽAVE - SKUPAJ";521
" ";" ";"DOMAÈI";213
" ";" ";"TUJI";308
" ";"2012"
" ";" ";"DRŽAVE - SKUPAJ";745
" ";" ";"DOMAÈI";284
" ";" ";"TUJI";461
" ";"2013"
" ";" ";"DRŽAVE - SKUPAJ";572
" ";" ";"DOMAÈI";261
" ";" ";"TUJI";311
" ";"2014"
" ";" ";"DRŽAVE - SKUPAJ";998
" ";" ";"DOMAÈI";346
" ";" ";"TUJI";652
" ";"2015"
" ";" ";"DRŽAVE - SKUPAJ";1080
" ";" ";"DOMAÈI";298
" ";" ";"TUJI";782
"Rogašovci"
" ";"2011"
" ";" ";"DRŽAVE - SKUPAJ";z
" ";" ";"DOMAÈI";z
" ";" ";"TUJI";z
" ";"2012"
" ";" ";"DRŽAVE - SKUPAJ";z
" ";" ";"DOMAÈI";z
" ";" ";"TUJI";z
" ";"2013"
" ";" ";"DRŽAVE - SKUPAJ";z
" ";" ";"DOMAÈI";z
" ";" ";"TUJI";z
" ";"2014"
" ";" ";"DRŽAVE - SKUPAJ";z
" ";" ";"DOMAÈI";z
" ";" ";"TUJI";z
" ";"2015"
" ";" ";"DRŽAVE - SKUPAJ";z
" ";" ";"DOMAÈI";z
" ";" ";"TUJI";z
"Rogatec"
" ";"2011"
" ";" ";"DRŽAVE - SKUPAJ";z
" ";" ";"DOMAÈI";z
" ";" ";"TUJI";z
" ";"2012"
" ";" ";"DRŽAVE - SKUPAJ";z
" ";" ";"DOMAÈI";z
" ";" ";"TUJI";z
" ";"2013"
" ";" ";"DRŽAVE - SKUPAJ";z
" ";" ";"DOMAÈI";z
" ";" ";"TUJI";z
" ";"2014"
" ";" ";"DRŽAVE - SKUPAJ";160
" ";" ";"DOMAÈI";122
" ";" ";"TUJI";38
" ";"2015"
" ";" ";"DRŽAVE - SKUPAJ";224
" ";" ";"DOMAÈI";168
" ";" ";"TUJI";56
"Selnica ob Dravi"
" ";"2011"
" ";" ";"DRŽAVE - SKUPAJ";4784
" ";" ";"DOMAÈI";4631
" ";" ";"TUJI";153
" ";"2012"
" ";" ";"DRŽAVE - SKUPAJ";9347
" ";" ";"DOMAÈI";8949
" ";" ";"TUJI";398
" ";"2013"
" ";" ";"DRŽAVE - SKUPAJ";9629
" ";" ";"DOMAÈI";9185
" ";" ";"TUJI";444
" ";"2014"
" ";" ";"DRŽAVE - SKUPAJ";10160
" ";" ";"DOMAÈI";9732
" ";" ";"TUJI";428
" ";"2015"
" ";" ";"DRŽAVE - SKUPAJ";9321
" ";" ";"DOMAÈI";8948
" ";" ";"TUJI";373
"Semiè"
" ";"2011"
" ";" ";"DRŽAVE - SKUPAJ";12354
" ";" ";"DOMAÈI";9372
" ";" ";"TUJI";2982
" ";"2012"
" ";" ";"DRŽAVE - SKUPAJ";14473
" ";" ";"DOMAÈI";10490
" ";" ";"TUJI";3983
" ";"2013"
" ";" ";"DRŽAVE - SKUPAJ";10568
" ";" ";"DOMAÈI";8758
" ";" ";"TUJI";1810
" ";"2014"
" ";" ";"DRŽAVE - SKUPAJ";11079
" ";" ";"DOMAÈI";9160
" ";" ";"TUJI";1919
" ";"2015"
" ";" ";"DRŽAVE - SKUPAJ";11270
" ";" ";"DOMAÈI";9016
" ";" ";"TUJI";2254
"Sevnica"
" ";"2011"
" ";" ";"DRŽAVE - SKUPAJ";1496
" ";" ";"DOMAÈI";603
" ";" ";"TUJI";893
" ";"2012"
" ";" ";"DRŽAVE - SKUPAJ";1623
" ";" ";"DOMAÈI";514
" ";" ";"TUJI";1109
" ";"2013"
" ";" ";"DRŽAVE - SKUPAJ";1574
" ";" ";"DOMAÈI";494
" ";" ";"TUJI";1080
" ";"2014"
" ";" ";"DRŽAVE - SKUPAJ";1497
" ";" ";"DOMAÈI";604
" ";" ";"TUJI";893
" ";"2015"
" ";" ";"DRŽAVE - SKUPAJ";2895
" ";" ";"DOMAÈI";1093
" ";" ";"TUJI";1802
"Sežana"
" ";"2011"
" ";" ";"DRŽAVE - SKUPAJ";59667
" ";" ";"DOMAÈI";8170
" ";" ";"TUJI";51497
" ";"2012"
" ";" ";"DRŽAVE - SKUPAJ";53642
" ";" ";"DOMAÈI";8499
" ";" ";"TUJI";45143
" ";"2013"
" ";" ";"DRŽAVE - SKUPAJ";54995
" ";" ";"DOMAÈI";7313
" ";" ";"TUJI";47682
" ";"2014"
" ";" ";"DRŽAVE - SKUPAJ";61554
" ";" ";"DOMAÈI";9615
" ";" ";"TUJI";51939
" ";"2015"
" ";" ";"DRŽAVE - SKUPAJ";63661
" ";" ";"DOMAÈI";7776
" ";" ";"TUJI";55885
"Slovenske Konjice"
" ";"2011"
" ";" ";"DRŽAVE - SKUPAJ";4097
" ";" ";"DOMAÈI";823
" ";" ";"TUJI";3274
" ";"2012"
" ";" ";"DRŽAVE - SKUPAJ";3493
" ";" ";"DOMAÈI";523
" ";" ";"TUJI";2970
" ";"2013"
" ";" ";"DRŽAVE - SKUPAJ";2725
" ";" ";"DOMAÈI";520
" ";" ";"TUJI";2205
" ";"2014"
" ";" ";"DRŽAVE - SKUPAJ";2538
" ";" ";"DOMAÈI";422
" ";" ";"TUJI";2116
" ";"2015"
" ";" ";"DRŽAVE - SKUPAJ";2474
" ";" ";"DOMAÈI";550
" ";" ";"TUJI";1924
"Sodražica"
" ";"2011"
" ";" ";"DRŽAVE - SKUPAJ";z
" ";" ";"DOMAÈI";-
" ";" ";"TUJI";z
" ";"2012"
" ";" ";"DRŽAVE - SKUPAJ";z
" ";" ";"DOMAÈI";z
" ";" ";"TUJI";z
" ";"2013"
" ";" ";"DRŽAVE - SKUPAJ";z
" ";" ";"DOMAÈI";z
" ";" ";"TUJI";z
" ";"2014"
" ";" ";"DRŽAVE - SKUPAJ";z
" ";" ";"DOMAÈI";z
" ";" ";"TUJI";z
" ";"2015"
" ";" ";"DRŽAVE - SKUPAJ";z
" ";" ";"DOMAÈI";z
" ";" ";"TUJI";z
"Središèe ob Dravi"
" ";"2011"
" ";" ";"DRŽAVE - SKUPAJ";-
" ";" ";"DOMAÈI";-
" ";" ";"TUJI";-
" ";"2012"
" ";" ";"DRŽAVE - SKUPAJ";-
" ";" ";"DOMAÈI";-
" ";" ";"TUJI";-
" ";"2013"
" ";" ";"DRŽAVE - SKUPAJ";-
" ";" ";"DOMAÈI";-
" ";" ";"TUJI";-
" ";"2014"
" ";" ";"DRŽAVE - SKUPAJ";-
" ";" ";"DOMAÈI";-
" ";" ";"TUJI";-
" ";"2015"
" ";" ";"DRŽAVE - SKUPAJ";-
" ";" ";"DOMAÈI";-
" ";" ";"TUJI";-
"Starše"
" ";"2011"
" ";" ";"DRŽAVE - SKUPAJ";-
" ";" ";"DOMAÈI";-
" ";" ";"TUJI";-
" ";"2012"
" ";" ";"DRŽAVE - SKUPAJ";-
" ";" ";"DOMAÈI";-
" ";" ";"TUJI";-
" ";"2013"
" ";" ";"DRŽAVE - SKUPAJ";-
" ";" ";"DOMAÈI";-
" ";" ";"TUJI";-
" ";"2014"
" ";" ";"DRŽAVE - SKUPAJ";-
" ";" ";"DOMAÈI";-
" ";" ";"TUJI";-
" ";"2015"
" ";" ";"DRŽAVE - SKUPAJ";-
" ";" ";"DOMAÈI";-
" ";" ";"TUJI";-
"Straža"
" ";"2011"
" ";" ";"DRŽAVE - SKUPAJ";z
" ";" ";"DOMAÈI";z
" ";" ";"TUJI";z
" ";"2012"
" ";" ";"DRŽAVE - SKUPAJ";z
" ";" ";"DOMAÈI";z
" ";" ";"TUJI";z
" ";"2013"
" ";" ";"DRŽAVE - SKUPAJ";z
" ";" ";"DOMAÈI";z
" ";" ";"TUJI";z
" ";"2014"
" ";" ";"DRŽAVE - SKUPAJ";z
" ";" ";"DOMAÈI";z
" ";" ";"TUJI";z
" ";"2015"
" ";" ";"DRŽAVE - SKUPAJ";z
" ";" ";"DOMAÈI";z
" ";" ";"TUJI";z
"Sveta Ana"
" ";"2011"
" ";" ";"DRŽAVE - SKUPAJ";-
" ";" ";"DOMAÈI";-
" ";" ";"TUJI";-
" ";"2012"
" ";" ";"DRŽAVE - SKUPAJ";-
" ";" ";"DOMAÈI";-
" ";" ";"TUJI";-
" ";"2013"
" ";" ";"DRŽAVE - SKUPAJ";-
" ";" ";"DOMAÈI";-
" ";" ";"TUJI";-
" ";"2014"
" ";" ";"DRŽAVE - SKUPAJ";-
" ";" ";"DOMAÈI";-
" ";" ";"TUJI";-
" ";"2015"
" ";" ";"DRŽAVE - SKUPAJ";z
" ";" ";"DOMAÈI";z
" ";" ";"TUJI";z
"Sveta Trojica v Slov. goricah"
" ";"2011"
" ";" ";"DRŽAVE - SKUPAJ";-
" ";" ";"DOMAÈI";-
" ";" ";"TUJI";-
" ";"2012"
" ";" ";"DRŽAVE - SKUPAJ";-
" ";" ";"DOMAÈI";-
" ";" ";"TUJI";-
" ";"2013"
" ";" ";"DRŽAVE - SKUPAJ";-
" ";" ";"DOMAÈI";-
" ";" ";"TUJI";-
" ";"2014"
" ";" ";"DRŽAVE - SKUPAJ";-
" ";" ";"DOMAÈI";-
" ";" ";"TUJI";-
" ";"2015"
" ";" ";"DRŽAVE - SKUPAJ";-
" ";" ";"DOMAÈI";-
" ";" ";"TUJI";-
"Sveti Andraž v Slov. goricah"
" ";"2011"
" ";" ";"DRŽAVE - SKUPAJ";z
" ";" ";"DOMAÈI";z
" ";" ";"TUJI";z
" ";"2012"
" ";" ";"DRŽAVE - SKUPAJ";z
" ";" ";"DOMAÈI";z
" ";" ";"TUJI";z
" ";"2013"
" ";" ";"DRŽAVE - SKUPAJ";z
" ";" ";"DOMAÈI";z
" ";" ";"TUJI";z
" ";"2014"
" ";" ";"DRŽAVE - SKUPAJ";z
" ";" ";"DOMAÈI";z
" ";" ";"TUJI";z
" ";"2015"
" ";" ";"DRŽAVE - SKUPAJ";z
" ";" ";"DOMAÈI";z
" ";" ";"TUJI";z
"Sveti Jurij ob Šèavnici"
" ";"2011"
" ";" ";"DRŽAVE - SKUPAJ";-
" ";" ";"DOMAÈI";-
" ";" ";"TUJI";-
" ";"2012"
" ";" ";"DRŽAVE - SKUPAJ";-
" ";" ";"DOMAÈI";-
" ";" ";"TUJI";-
" ";"2013"
" ";" ";"DRŽAVE - SKUPAJ";-
" ";" ";"DOMAÈI";-
" ";" ";"TUJI";-
" ";"2014"
" ";" ";"DRŽAVE - SKUPAJ";-
" ";" ";"DOMAÈI";-
" ";" ";"TUJI";-
" ";"2015"
" ";" ";"DRŽAVE - SKUPAJ";-
" ";" ";"DOMAÈI";-
" ";" ";"TUJI";-
"Sveti Jurij v Slov. goricah"
" ";"2011"
" ";" ";"DRŽAVE - SKUPAJ";-
" ";" ";"DOMAÈI";-
" ";" ";"TUJI";-
" ";"2012"
" ";" ";"DRŽAVE - SKUPAJ";-
" ";" ";"DOMAÈI";-
" ";" ";"TUJI";-
" ";"2013"
" ";" ";"DRŽAVE - SKUPAJ";-
" ";" ";"DOMAÈI";-
" ";" ";"TUJI";-
" ";"2014"
" ";" ";"DRŽAVE - SKUPAJ";-
" ";" ";"DOMAÈI";-
" ";" ";"TUJI";-
" ";"2015"
" ";" ";"DRŽAVE - SKUPAJ";-
" ";" ";"DOMAÈI";-
" ";" ";"TUJI";-
"Sveti Tomaž"
" ";"2011"
" ";" ";"DRŽAVE - SKUPAJ";-
" ";" ";"DOMAÈI";-
" ";" ";"TUJI";-
" ";"2012"
" ";" ";"DRŽAVE - SKUPAJ";-
" ";" ";"DOMAÈI";-
" ";" ";"TUJI";-
" ";"2013"
" ";" ";"DRŽAVE - SKUPAJ";-
" ";" ";"DOMAÈI";-
" ";" ";"TUJI";-
" ";"2014"
" ";" ";"DRŽAVE - SKUPAJ";-
" ";" ";"DOMAÈI";-
" ";" ";"TUJI";-
" ";"2015"
" ";" ";"DRŽAVE - SKUPAJ";-
" ";" ";"DOMAÈI";-
" ";" ";"TUJI";-
"Šalovci"
" ";"2011"
" ";" ";"DRŽAVE - SKUPAJ";z
" ";" ";"DOMAÈI";z
" ";" ";"TUJI";z
" ";"2012"
" ";" ";"DRŽAVE - SKUPAJ";z
" ";" ";"DOMAÈI";z
" ";" ";"TUJI";z
" ";"2013"
" ";" ";"DRŽAVE - SKUPAJ";z
" ";" ";"DOMAÈI";z
" ";" ";"TUJI";z
" ";"2014"
" ";" ";"DRŽAVE - SKUPAJ";z
" ";" ";"DOMAÈI";z
" ";" ";"TUJI";z
" ";"2015"
" ";" ";"DRŽAVE - SKUPAJ";z
" ";" ";"DOMAÈI";z
" ";" ";"TUJI";z
"Šempeter - Vrtojba"
" ";"2011"
" ";" ";"DRŽAVE - SKUPAJ";z
" ";" ";"DOMAÈI";z
" ";" ";"TUJI";z
" ";"2012"
" ";" ";"DRŽAVE - SKUPAJ";z
" ";" ";"DOMAÈI";z
" ";" ";"TUJI";z
" ";"2013"
" ";" ";"DRŽAVE - SKUPAJ";z
" ";" ";"DOMAÈI";z
" ";" ";"TUJI";z
" ";"2014"
" ";" ";"DRŽAVE - SKUPAJ";z
" ";" ";"DOMAÈI";z
" ";" ";"TUJI";z
" ";"2015"
" ";" ";"DRŽAVE - SKUPAJ";z
" ";" ";"DOMAÈI";z
" ";" ";"TUJI";z
"Šenèur"
" ";"2011"
" ";" ";"DRŽAVE - SKUPAJ";7885
" ";" ";"DOMAÈI";4849
" ";" ";"TUJI";3036
" ";"2012"
" ";" ";"DRŽAVE - SKUPAJ";2139
" ";" ";"DOMAÈI";169
" ";" ";"TUJI";1970
" ";"2013"
" ";" ";"DRŽAVE - SKUPAJ";3256
" ";" ";"DOMAÈI";203
" ";" ";"TUJI";3053
" ";"2014"
" ";" ";"DRŽAVE - SKUPAJ";3632
" ";" ";"DOMAÈI";279
" ";" ";"TUJI";3353
" ";"2015"
" ";" ";"DRŽAVE - SKUPAJ";4720
" ";" ";"DOMAÈI";141
" ";" ";"TUJI";4579
"Šentilj"
" ";"2011"
" ";" ";"DRŽAVE - SKUPAJ";z
" ";" ";"DOMAÈI";z
" ";" ";"TUJI";z
" ";"2012"
" ";" ";"DRŽAVE - SKUPAJ";z
" ";" ";"DOMAÈI";z
" ";" ";"TUJI";z
" ";"2013"
" ";" ";"DRŽAVE - SKUPAJ";4370
" ";" ";"DOMAÈI";3665
" ";" ";"TUJI";705
" ";"2014"
" ";" ";"DRŽAVE - SKUPAJ";3499
" ";" ";"DOMAÈI";3163
" ";" ";"TUJI";336
" ";"2015"
" ";" ";"DRŽAVE - SKUPAJ";z
" ";" ";"DOMAÈI";z
" ";" ";"TUJI";z
"Šentjernej"
" ";"2011"
" ";" ";"DRŽAVE - SKUPAJ";1423
" ";" ";"DOMAÈI";952
" ";" ";"TUJI";471
" ";"2012"
" ";" ";"DRŽAVE - SKUPAJ";1705
" ";" ";"DOMAÈI";1166
" ";" ";"TUJI";539
" ";"2013"
" ";" ";"DRŽAVE - SKUPAJ";1845
" ";" ";"DOMAÈI";1304
" ";" ";"TUJI";541
" ";"2014"
" ";" ";"DRŽAVE - SKUPAJ";1875
" ";" ";"DOMAÈI";1288
" ";" ";"TUJI";587
" ";"2015"
" ";" ";"DRŽAVE - SKUPAJ";1997
" ";" ";"DOMAÈI";1356
" ";" ";"TUJI";641
"Šentjur"
" ";"2011"
" ";" ";"DRŽAVE - SKUPAJ";3994
" ";" ";"DOMAÈI";1751
" ";" ";"TUJI";2243
" ";"2012"
" ";" ";"DRŽAVE - SKUPAJ";6078
" ";" ";"DOMAÈI";1685
" ";" ";"TUJI";4393
" ";"2013"
" ";" ";"DRŽAVE - SKUPAJ";2051
" ";" ";"DOMAÈI";507
" ";" ";"TUJI";1544
" ";"2014"
" ";" ";"DRŽAVE - SKUPAJ";2124
" ";" ";"DOMAÈI";385
" ";" ";"TUJI";1739
" ";"2015"
" ";" ";"DRŽAVE - SKUPAJ";2642
" ";" ";"DOMAÈI";559
" ";" ";"TUJI";2083
"Šentrupert"
" ";"2011"
" ";" ";"DRŽAVE - SKUPAJ";-
" ";" ";"DOMAÈI";-
" ";" ";"TUJI";-
" ";"2012"
" ";" ";"DRŽAVE - SKUPAJ";z
" ";" ";"DOMAÈI";z
" ";" ";"TUJI";z
" ";"2013"
" ";" ";"DRŽAVE - SKUPAJ";z
" ";" ";"DOMAÈI";z
" ";" ";"TUJI";z
" ";"2014"
" ";" ";"DRŽAVE - SKUPAJ";z
" ";" ";"DOMAÈI";z
" ";" ";"TUJI";z
" ";"2015"
" ";" ";"DRŽAVE - SKUPAJ";z
" ";" ";"DOMAÈI";z
" ";" ";"TUJI";z
"Škocjan"
" ";"2011"
" ";" ";"DRŽAVE - SKUPAJ";625
" ";" ";"DOMAÈI";205
" ";" ";"TUJI";420
" ";"2012"
" ";" ";"DRŽAVE - SKUPAJ";z
" ";" ";"DOMAÈI";z
" ";" ";"TUJI";z
" ";"2013"
" ";" ";"DRŽAVE - SKUPAJ";1689
" ";" ";"DOMAÈI";420
" ";" ";"TUJI";1269
" ";"2014"
" ";" ";"DRŽAVE - SKUPAJ";1606
" ";" ";"DOMAÈI";413
" ";" ";"TUJI";1193
" ";"2015"
" ";" ";"DRŽAVE - SKUPAJ";1311
" ";" ";"DOMAÈI";326
" ";" ";"TUJI";985
"Škofja Loka"
" ";"2011"
" ";" ";"DRŽAVE - SKUPAJ";9212
" ";" ";"DOMAÈI";1391
" ";" ";"TUJI";7821
" ";"2012"
" ";" ";"DRŽAVE - SKUPAJ";8561
" ";" ";"DOMAÈI";1177
" ";" ";"TUJI";7384
" ";"2013"
" ";" ";"DRŽAVE - SKUPAJ";9431
" ";" ";"DOMAÈI";1377
" ";" ";"TUJI";8054
" ";"2014"
" ";" ";"DRŽAVE - SKUPAJ";9278
" ";" ";"DOMAÈI";879
" ";" ";"TUJI";8399
" ";"2015"
" ";" ";"DRŽAVE - SKUPAJ";13001
" ";" ";"DOMAÈI";1689
" ";" ";"TUJI";11312
"Škofljica"
" ";"2011"
" ";" ";"DRŽAVE - SKUPAJ";z
" ";" ";"DOMAÈI";z
" ";" ";"TUJI";z
" ";"2012"
" ";" ";"DRŽAVE - SKUPAJ";z
" ";" ";"DOMAÈI";z
" ";" ";"TUJI";z
" ";"2013"
" ";" ";"DRŽAVE - SKUPAJ";z
" ";" ";"DOMAÈI";z
" ";" ";"TUJI";z
" ";"2014"
" ";" ";"DRŽAVE - SKUPAJ";z
" ";" ";"DOMAÈI";z
" ";" ";"TUJI";z
" ";"2015"
" ";" ";"DRŽAVE - SKUPAJ";z
" ";" ";"DOMAÈI";z
" ";" ";"TUJI";z
"Šmarje pri Jelšah"
" ";"2011"
" ";" ";"DRŽAVE - SKUPAJ";z
" ";" ";"DOMAÈI";z
" ";" ";"TUJI";z
" ";"2012"
" ";" ";"DRŽAVE - SKUPAJ";z
" ";" ";"DOMAÈI";z
" ";" ";"TUJI";z
" ";"2013"
" ";" ";"DRŽAVE - SKUPAJ";z
" ";" ";"DOMAÈI";z
" ";" ";"TUJI";z
" ";"2014"
" ";" ";"DRŽAVE - SKUPAJ";241
" ";" ";"DOMAÈI";123
" ";" ";"TUJI";118
" ";"2015"
" ";" ";"DRŽAVE - SKUPAJ";255
" ";" ";"DOMAÈI";134
" ";" ";"TUJI";121
"Šmartno ob Paki"
" ";"2011"
" ";" ";"DRŽAVE - SKUPAJ";-
" ";" ";"DOMAÈI";-
" ";" ";"TUJI";-
" ";"2012"
" ";" ";"DRŽAVE - SKUPAJ";-
" ";" ";"DOMAÈI";-
" ";" ";"TUJI";-
" ";"2013"
" ";" ";"DRŽAVE - SKUPAJ";-
" ";" ";"DOMAÈI";-
" ";" ";"TUJI";-
" ";"2014"
" ";" ";"DRŽAVE - SKUPAJ";-
" ";" ";"DOMAÈI";-
" ";" ";"TUJI";-
" ";"2015"
" ";" ";"DRŽAVE - SKUPAJ";-
" ";" ";"DOMAÈI";-
" ";" ";"TUJI";-
"Šmartno pri Litiji"
" ";"2011"
" ";" ";"DRŽAVE - SKUPAJ";-
" ";" ";"DOMAÈI";-
" ";" ";"TUJI";-
" ";"2012"
" ";" ";"DRŽAVE - SKUPAJ";-
" ";" ";"DOMAÈI";-
" ";" ";"TUJI";-
" ";"2013"
" ";" ";"DRŽAVE - SKUPAJ";z
" ";" ";"DOMAÈI";z
" ";" ";"TUJI";z
" ";"2014"
" ";" ";"DRŽAVE - SKUPAJ";z
" ";" ";"DOMAÈI";z
" ";" ";"TUJI";z
" ";"2015"
" ";" ";"DRŽAVE - SKUPAJ";z
" ";" ";"DOMAÈI";z
" ";" ";"TUJI";z
"Štore"
" ";"2011"
" ";" ";"DRŽAVE - SKUPAJ";-
" ";" ";"DOMAÈI";-
" ";" ";"TUJI";-
" ";"2012"
" ";" ";"DRŽAVE - SKUPAJ";z
" ";" ";"DOMAÈI";z
" ";" ";"TUJI";z
" ";"2013"
" ";" ";"DRŽAVE - SKUPAJ";-
" ";" ";"DOMAÈI";-
" ";" ";"TUJI";-
" ";"2014"
" ";" ";"DRŽAVE - SKUPAJ";z
" ";" ";"DOMAÈI";z
" ";" ";"TUJI";z
" ";"2015"
" ";" ";"DRŽAVE - SKUPAJ";z
" ";" ";"DOMAÈI";z
" ";" ";"TUJI";z
"Tabor"
" ";"2011"
" ";" ";"DRŽAVE - SKUPAJ";z
" ";" ";"DOMAÈI";z
" ";" ";"TUJI";z
" ";"2012"
" ";" ";"DRŽAVE - SKUPAJ";z
" ";" ";"DOMAÈI";z
" ";" ";"TUJI";z
" ";"2013"
" ";" ";"DRŽAVE - SKUPAJ";z
" ";" ";"DOMAÈI";z
" ";" ";"TUJI";z
" ";"2014"
" ";" ";"DRŽAVE - SKUPAJ";z
" ";" ";"DOMAÈI";z
" ";" ";"TUJI";z
" ";"2015"
" ";" ";"DRŽAVE - SKUPAJ";z
" ";" ";"DOMAÈI";z
" ";" ";"TUJI";z
"Tišina"
" ";"2011"
" ";" ";"DRŽAVE - SKUPAJ";-
" ";" ";"DOMAÈI";-
" ";" ";"TUJI";-
" ";"2012"
" ";" ";"DRŽAVE - SKUPAJ";-
" ";" ";"DOMAÈI";-
" ";" ";"TUJI";-
" ";"2013"
" ";" ";"DRŽAVE - SKUPAJ";-
" ";" ";"DOMAÈI";-
" ";" ";"TUJI";-
" ";"2014"
" ";" ";"DRŽAVE - SKUPAJ";-
" ";" ";"DOMAÈI";-
" ";" ";"TUJI";-
" ";"2015"
" ";" ";"DRŽAVE - SKUPAJ";-
" ";" ";"DOMAÈI";-
" ";" ";"TUJI";-
"Trbovlje"
" ";"2011"
" ";" ";"DRŽAVE - SKUPAJ";z
" ";" ";"DOMAÈI";z
" ";" ";"TUJI";z
" ";"2012"
" ";" ";"DRŽAVE - SKUPAJ";z
" ";" ";"DOMAÈI";z
" ";" ";"TUJI";z
" ";"2013"
" ";" ";"DRŽAVE - SKUPAJ";2769
" ";" ";"DOMAÈI";1294
" ";" ";"TUJI";1475
" ";"2014"
" ";" ";"DRŽAVE - SKUPAJ";3807
" ";" ";"DOMAÈI";1780
" ";" ";"TUJI";2027
" ";"2015"
" ";" ";"DRŽAVE - SKUPAJ";2326
" ";" ";"DOMAÈI";418
" ";" ";"TUJI";1908
"Trebnje"
" ";"2011"
" ";" ";"DRŽAVE - SKUPAJ";10877
" ";" ";"DOMAÈI";8717
" ";" ";"TUJI";2160
" ";"2012"
" ";" ";"DRŽAVE - SKUPAJ";z
" ";" ";"DOMAÈI";z
" ";" ";"TUJI";z
" ";"2013"
" ";" ";"DRŽAVE - SKUPAJ";13060
" ";" ";"DOMAÈI";8726
" ";" ";"TUJI";4334
" ";"2014"
" ";" ";"DRŽAVE - SKUPAJ";12644
" ";" ";"DOMAÈI";8438
" ";" ";"TUJI";4206
" ";"2015"
" ";" ";"DRŽAVE - SKUPAJ";12664
" ";" ";"DOMAÈI";8322
" ";" ";"TUJI";4342
"Trnovska vas"
" ";"2011"
" ";" ";"DRŽAVE - SKUPAJ";-
" ";" ";"DOMAÈI";-
" ";" ";"TUJI";-
" ";"2012"
" ";" ";"DRŽAVE - SKUPAJ";-
" ";" ";"DOMAÈI";-
" ";" ";"TUJI";-
" ";"2013"
" ";" ";"DRŽAVE - SKUPAJ";-
" ";" ";"DOMAÈI";-
" ";" ";"TUJI";-
" ";"2014"
" ";" ";"DRŽAVE - SKUPAJ";-
" ";" ";"DOMAÈI";-
" ";" ";"TUJI";-
" ";"2015"
" ";" ";"DRŽAVE - SKUPAJ";-
" ";" ";"DOMAÈI";-
" ";" ";"TUJI";-
"Trzin"
" ";"2011"
" ";" ";"DRŽAVE - SKUPAJ";z
" ";" ";"DOMAÈI";z
" ";" ";"TUJI";z
" ";"2012"
" ";" ";"DRŽAVE - SKUPAJ";z
" ";" ";"DOMAÈI";z
" ";" ";"TUJI";z
" ";"2013"
" ";" ";"DRŽAVE - SKUPAJ";z
" ";" ";"DOMAÈI";z
" ";" ";"TUJI";z
" ";"2014"
" ";" ";"DRŽAVE - SKUPAJ";z
" ";" ";"DOMAÈI";z
" ";" ";"TUJI";z
" ";"2015"
" ";" ";"DRŽAVE - SKUPAJ";z
" ";" ";"DOMAÈI";z
" ";" ";"TUJI";z
"Turnišèe"
" ";"2011"
" ";" ";"DRŽAVE - SKUPAJ";z
" ";" ";"DOMAÈI";-
" ";" ";"TUJI";z
" ";"2012"
" ";" ";"DRŽAVE - SKUPAJ";z
" ";" ";"DOMAÈI";z
" ";" ";"TUJI";z
" ";"2013"
" ";" ";"DRŽAVE - SKUPAJ";z
" ";" ";"DOMAÈI";z
" ";" ";"TUJI";z
" ";"2014"
" ";" ";"DRŽAVE - SKUPAJ";z
" ";" ";"DOMAÈI";z
" ";" ";"TUJI";z
" ";"2015"
" ";" ";"DRŽAVE - SKUPAJ";z
" ";" ";"DOMAÈI";z
" ";" ";"TUJI";z
"Velika Polana"
" ";"2011"
" ";" ";"DRŽAVE - SKUPAJ";-
" ";" ";"DOMAÈI";-
" ";" ";"TUJI";-
" ";"2012"
" ";" ";"DRŽAVE - SKUPAJ";z
" ";" ";"DOMAÈI";z
" ";" ";"TUJI";z
" ";"2013"
" ";" ";"DRŽAVE - SKUPAJ";z
" ";" ";"DOMAÈI";z
" ";" ";"TUJI";z
" ";"2014"
" ";" ";"DRŽAVE - SKUPAJ";z
" ";" ";"DOMAÈI";z
" ";" ";"TUJI";z
" ";"2015"
" ";" ";"DRŽAVE - SKUPAJ";z
" ";" ";"DOMAÈI";z
" ";" ";"TUJI";z
"Velike Lašèe"
" ";"2011"
" ";" ";"DRŽAVE - SKUPAJ";-
" ";" ";"DOMAÈI";-
" ";" ";"TUJI";-
" ";"2012"
" ";" ";"DRŽAVE - SKUPAJ";-
" ";" ";"DOMAÈI";-
" ";" ";"TUJI";-
" ";"2013"
" ";" ";"DRŽAVE - SKUPAJ";-
" ";" ";"DOMAÈI";-
" ";" ";"TUJI";-
" ";"2014"
" ";" ";"DRŽAVE - SKUPAJ";-
" ";" ";"DOMAÈI";-
" ";" ";"TUJI";-
" ";"2015"
" ";" ";"DRŽAVE - SKUPAJ";-
" ";" ";"DOMAÈI";-
" ";" ";"TUJI";-
"Videm"
" ";"2011"
" ";" ";"DRŽAVE - SKUPAJ";z
" ";" ";"DOMAÈI";z
" ";" ";"TUJI";z
" ";"2012"
" ";" ";"DRŽAVE - SKUPAJ";z
" ";" ";"DOMAÈI";z
" ";" ";"TUJI";z
" ";"2013"
" ";" ";"DRŽAVE - SKUPAJ";22
" ";" ";"DOMAÈI";2
" ";" ";"TUJI";20
" ";"2014"
" ";" ";"DRŽAVE - SKUPAJ";z
" ";" ";"DOMAÈI";z
" ";" ";"TUJI";z
" ";"2015"
" ";" ";"DRŽAVE - SKUPAJ";465
" ";" ";"DOMAÈI";86
" ";" ";"TUJI";379
"Vipava"
" ";"2011"
" ";" ";"DRŽAVE - SKUPAJ";2391
" ";" ";"DOMAÈI";691
" ";" ";"TUJI";1700
" ";"2012"
" ";" ";"DRŽAVE - SKUPAJ";3018
" ";" ";"DOMAÈI";687
" ";" ";"TUJI";2331
" ";"2013"
" ";" ";"DRŽAVE - SKUPAJ";4116
" ";" ";"DOMAÈI";629
" ";" ";"TUJI";3487
" ";"2014"
" ";" ";"DRŽAVE - SKUPAJ";4481
" ";" ";"DOMAÈI";792
" ";" ";"TUJI";3689
" ";"2015"
" ";" ";"DRŽAVE - SKUPAJ";5573
" ";" ";"DOMAÈI";963
" ";" ";"TUJI";4610
"Vodice"
" ";"2011"
" ";" ";"DRŽAVE - SKUPAJ";z
" ";" ";"DOMAÈI";z
" ";" ";"TUJI";z
" ";"2012"
" ";" ";"DRŽAVE - SKUPAJ";z
" ";" ";"DOMAÈI";z
" ";" ";"TUJI";z
" ";"2013"
" ";" ";"DRŽAVE - SKUPAJ";z
" ";" ";"DOMAÈI";z
" ";" ";"TUJI";z
" ";"2014"
" ";" ";"DRŽAVE - SKUPAJ";z
" ";" ";"DOMAÈI";z
" ";" ";"TUJI";z
" ";"2015"
" ";" ";"DRŽAVE - SKUPAJ";z
" ";" ";"DOMAÈI";z
" ";" ";"TUJI";z
"Vojnik"
" ";"2011"
" ";" ";"DRŽAVE - SKUPAJ";z
" ";" ";"DOMAÈI";z
" ";" ";"TUJI";z
" ";"2012"
" ";" ";"DRŽAVE - SKUPAJ";z
" ";" ";"DOMAÈI";z
" ";" ";"TUJI";z
" ";"2013"
" ";" ";"DRŽAVE - SKUPAJ";z
" ";" ";"DOMAÈI";z
" ";" ";"TUJI";z
" ";"2014"
" ";" ";"DRŽAVE - SKUPAJ";z
" ";" ";"DOMAÈI";z
" ";" ";"TUJI";z
" ";"2015"
" ";" ";"DRŽAVE - SKUPAJ";1130
" ";" ";"DOMAÈI";603
" ";" ";"TUJI";527
"Vransko"
" ";"2011"
" ";" ";"DRŽAVE - SKUPAJ";909
" ";" ";"DOMAÈI";286
" ";" ";"TUJI";623
" ";"2012"
" ";" ";"DRŽAVE - SKUPAJ";z
" ";" ";"DOMAÈI";z
" ";" ";"TUJI";z
" ";"2013"
" ";" ";"DRŽAVE - SKUPAJ";1387
" ";" ";"DOMAÈI";554
" ";" ";"TUJI";833
" ";"2014"
" ";" ";"DRŽAVE - SKUPAJ";1448
" ";" ";"DOMAÈI";464
" ";" ";"TUJI";984
" ";"2015"
" ";" ";"DRŽAVE - SKUPAJ";767
" ";" ";"DOMAÈI";225
" ";" ";"TUJI";542
"Vrhnika"
" ";"2011"
" ";" ";"DRŽAVE - SKUPAJ";4126
" ";" ";"DOMAÈI";409
" ";" ";"TUJI";3717
" ";"2012"
" ";" ";"DRŽAVE - SKUPAJ";4472
" ";" ";"DOMAÈI";467
" ";" ";"TUJI";4005
" ";"2013"
" ";" ";"DRŽAVE - SKUPAJ";5898
" ";" ";"DOMAÈI";324
" ";" ";"TUJI";5574
" ";"2014"
" ";" ";"DRŽAVE - SKUPAJ";5856
" ";" ";"DOMAÈI";359
" ";" ";"TUJI";5497
" ";"2015"
" ";" ";"DRŽAVE - SKUPAJ";6235
" ";" ";"DOMAÈI";786
" ";" ";"TUJI";5449
"Zagorje ob Savi"
" ";"2011"
" ";" ";"DRŽAVE - SKUPAJ";4145
" ";" ";"DOMAÈI";848
" ";" ";"TUJI";3297
" ";"2012"
" ";" ";"DRŽAVE - SKUPAJ";4336
" ";" ";"DOMAÈI";1330
" ";" ";"TUJI";3006
" ";"2013"
" ";" ";"DRŽAVE - SKUPAJ";4384
" ";" ";"DOMAÈI";1651
" ";" ";"TUJI";2733
" ";"2014"
" ";" ";"DRŽAVE - SKUPAJ";4517
" ";" ";"DOMAÈI";1009
" ";" ";"TUJI";3508
" ";"2015"
" ";" ";"DRŽAVE - SKUPAJ";3697
" ";" ";"DOMAÈI";1332
" ";" ";"TUJI";2365
"Zavrè"
" ";"2011"
" ";" ";"DRŽAVE - SKUPAJ";z
" ";" ";"DOMAÈI";z
" ";" ";"TUJI";z
" ";"2012"
" ";" ";"DRŽAVE - SKUPAJ";z
" ";" ";"DOMAÈI";z
" ";" ";"TUJI";z
" ";"2013"
" ";" ";"DRŽAVE - SKUPAJ";z
" ";" ";"DOMAÈI";z
" ";" ";"TUJI";z
" ";"2014"
" ";" ";"DRŽAVE - SKUPAJ";z
" ";" ";"DOMAÈI";z
" ";" ";"TUJI";z
" ";"2015"
" ";" ";"DRŽAVE - SKUPAJ";z
" ";" ";"DOMAÈI";z
" ";" ";"TUJI";z
"Žalec"
" ";"2011"
" ";" ";"DRŽAVE - SKUPAJ";7238
" ";" ";"DOMAÈI";1361
" ";" ";"TUJI";5877
" ";"2012"
" ";" ";"DRŽAVE - SKUPAJ";7485
" ";" ";"DOMAÈI";1017
" ";" ";"TUJI";6468
" ";"2013"
" ";" ";"DRŽAVE - SKUPAJ";6669
" ";" ";"DOMAÈI";1040
" ";" ";"TUJI";5629
" ";"2014"
" ";" ";"DRŽAVE - SKUPAJ";9613
" ";" ";"DOMAÈI";2425
" ";" ";"TUJI";7188
" ";"2015"
" ";" ";"DRŽAVE - SKUPAJ";8113
" ";" ";"DOMAÈI";1534
" ";" ";"TUJI";6579
"Žetale"
" ";"2011"
" ";" ";"DRŽAVE - SKUPAJ";-
" ";" ";"DOMAÈI";-
" ";" ";"TUJI";-
" ";"2012"
" ";" ";"DRŽAVE - SKUPAJ";-
" ";" ";"DOMAÈI";-
" ";" ";"TUJI";-
" ";"2013"
" ";" ";"DRŽAVE - SKUPAJ";-
" ";" ";"DOMAÈI";-
" ";" ";"TUJI";-
" ";"2014"
" ";" ";"DRŽAVE - SKUPAJ";-
" ";" ";"DOMAÈI";-
" ";" ";"TUJI";-
" ";"2015"
" ";" ";"DRŽAVE - SKUPAJ";-
" ";" ";"DOMAÈI";-
" ";" ";"TUJI";-
"Žiri"
" ";"2011"
" ";" ";"DRŽAVE - SKUPAJ";z
" ";" ";"DOMAÈI";z
" ";" ";"TUJI";z
" ";"2012"
" ";" ";"DRŽAVE - SKUPAJ";z
" ";" ";"DOMAÈI";z
" ";" ";"TUJI";z
" ";"2013"
" ";" ";"DRŽAVE - SKUPAJ";z
" ";" ";"DOMAÈI";z
" ";" ";"TUJI";z
" ";"2014"
" ";" ";"DRŽAVE - SKUPAJ";z
" ";" ";"DOMAÈI";z
" ";" ";"TUJI";z
" ";"2015"
" ";" ";"DRŽAVE - SKUPAJ";z
" ";" ";"DOMAÈI";z
" ";" ";"TUJI";z
"Žužemberk"
" ";"2011"
" ";" ";"DRŽAVE - SKUPAJ";699
" ";" ";"DOMAÈI";264
" ";" ";"TUJI";435
" ";"2012"
" ";" ";"DRŽAVE - SKUPAJ";627
" ";" ";"DOMAÈI";278
" ";" ";"TUJI";349
" ";"2013"
" ";" ";"DRŽAVE - SKUPAJ";619
" ";" ";"DOMAÈI";212
" ";" ";"TUJI";407
" ";"2014"
" ";" ";"DRŽAVE - SKUPAJ";918
" ";" ";"DOMAÈI";300
" ";" ";"TUJI";618
" ";"2015"
" ";" ";"DRŽAVE - SKUPAJ";1059
" ";" ";"DOMAÈI";283
" ";" ";"TUJI";776

"Vir: Statistièni urad Republike Slovenije "
" "
"Letni podatki o obsegu turistiènega prometa niso enaki seštevku "
"meseènih podatkov, saj vkljuèujejo tudi turistiène nastanitvene "
"objekte, ki razpolagajo z manj kot 10 stalnimi ležišèi. Glej "
"Metodološka pojasnila. "

"Povezane vsebine: "
"- (seznam "
"HREF=http://www.stat.si/StatWeb/Common/PrikaziDokument.ashx?IdDatotek-"
"e=7779 target=_blank) Metodološka pojasnila "

"Podatki so teritorialno razvršèeni po uredbi o Standardni "
"klasifikaciji teritorialnih enot, raven SKTE 5. Podatki o spremembah "
"posameznih obèin so dostopni na (seznam "
"HREF=http://www.stat.si/tema_splosno_upravno_obcine.asp "
"TARGET=_blank) povezavi. V Seznamu obèin s spremembami obmoèij obèin "
"od leta 1995 dalje je opisana vrsta spremembe, naveden je datum, s "
"katerim je opisana teritorialna sprememba upoštevana pri "
"teritorialnem razvršèanju enot za statistiène namene ter naveden "
"Uradni list, v katerem so bile objavljene omenjene teritorialne "
"opombe. V seznamu obèin je navedeno zadnje veljavno stanje imen "
"obèin. "

"Veè o razvrstitvi objektov v posamezne skupine nastanitvenih objektov "
"v Metodoloških pojasnilih."

